Loan_ID,Gender,Married,Dependents,Education,Self_Employed,ApplicantIncome,CoapplicantIncome,LoanAmount,Loan_Amount_Term,Credit_History,Property_Area,Loan_Status,TotalIncome,LoanIncomeRatio,TotalIncomeLog,LoanAmountLog,LoanTermYears
LP001002,Male,No,0,Graduate,No,5849,0.0,128.0,360.0,1.0,Urban,Y,5849.0,0.021884082749187895,8.674196940225903,4.859812404361672,30.0
LP001003,Male,Yes,1,Graduate,No,4583,1508.0,128.0,360.0,1.0,Rural,N,6091.0,0.0210146117222131,8.714731714015052,4.859812404361672,30.0
LP001005,Male,Yes,0,Graduate,Yes,3000,0.0,66.0,360.0,1.0,Urban,Y,3000.0,0.022,8.006700845440367,4.204692619390966,30.0
LP001006,Male,Yes,0,Not Graduate,No,2583,2358.0,120.0,360.0,1.0,Urban,Y,4941.0,0.024286581663630843,8.505525386548555,4.795790545596741,30.0
LP001008,Male,No,0,Graduate,No,6000,0.0,141.0,360.0,1.0,Urban,Y,6000.0,0.0235,8.699681400989514,4.955827057601261,30.0
LP001011,Male,Yes,2,Graduate,Yes,5417,4196.0,267.0,360.0,1.0,Urban,Y,9613.0,0.027774888172266723,9.170975648453906,5.5909869805108565,30.0
LP001013,Male,Yes,0,Not Graduate,No,2333,1516.0,95.0,360.0,1.0,Urban,Y,3849.0,0.024681735515718367,8.25582842728183,4.564348191467836,30.0
LP001014,Male,Yes,3,Graduate,No,3036,2504.0,158.0,360.0,0.0,Semiurban,N,5540.0,0.02851985559566787,8.61993026886735,5.0689042022202315,30.0
LP001018,Male,Yes,2,Graduate,No,4006,1526.0,168.0,360.0,1.0,Urban,Y,5532.0,0.03036876355748373,8.618485442898109,5.1298987149230735,30.0
LP001020,Male,Yes,1,Graduate,No,12841,10968.0,349.0,360.0,1.0,Semiurban,N,23809.0,0.014658322483094628,10.077860939480908,5.857933154483459,30.0
LP001024,Male,Yes,2,Graduate,No,3200,700.0,70.0,360.0,1.0,Urban,Y,3900.0,0.017948717948717947,8.268988209506656,4.2626798770413155,30.0
LP001027,Male,Yes,2,Graduate,No,2500,1840.0,109.0,360.0,1.0,Urban,Y,4340.0,0.02511520737327189,8.375860015299594,4.700480365792417,30.0
LP001028,Male,Yes,2,Graduate,No,3073,8106.0,200.0,360.0,1.0,Urban,Y,11179.0,0.01789068789694964,9.32188174670909,5.303304908059076,30.0
LP001029,Male,No,0,Graduate,No,1853,2840.0,114.0,360.0,1.0,Rural,N,4693.0,0.024291497975708502,8.454040376410969,4.74493212836325,30.0
LP001030,Male,Yes,2,Graduate,No,1299,1086.0,17.0,120.0,1.0,Urban,Y,2385.0,0.007127882599580713,7.777373602657861,2.8903717578961645,10.0
LP001032,Male,No,0,Graduate,No,4950,0.0,125.0,360.0,1.0,Urban,Y,4950.0,0.025252525252525252,8.507344855361422,4.836281906951478,30.0
LP001034,Male,No,1,Not Graduate,No,3596,0.0,100.0,240.0,-1.0,Urban,Y,3596.0,0.027808676307007785,8.187855443695623,4.61512051684126,20.0
LP001036,Female,No,0,Graduate,No,3510,0.0,76.0,360.0,0.0,Urban,N,3510.0,0.021652421652421653,8.163656176168432,4.343805421853684,30.0
LP001038,Male,Yes,0,Not Graduate,No,4887,0.0,133.0,360.0,1.0,Rural,N,4887.0,0.027215060364231634,8.494538500851432,4.897839799950911,30.0
LP001041,Male,Yes,0,Graduate,No,2600,3500.0,115.0,360.0,1.0,Urban,Y,6100.0,0.018852459016393444,8.716207971151853,4.7535901911063645,30.0
LP001043,Male,Yes,0,Not Graduate,No,7660,0.0,104.0,360.0,0.0,Urban,N,7660.0,0.013577023498694517,8.94389780251682,4.653960350157523,30.0
LP001046,Male,Yes,1,Graduate,No,5955,5625.0,315.0,360.0,1.0,Urban,Y,11580.0,0.027202072538860103,9.357121103184378,5.755742213586912,30.0
LP001047,Male,Yes,0,Not Graduate,No,2600,1911.0,116.0,360.0,0.0,Semiurban,N,4511.0,0.025714919086677012,8.414495793177895,4.762173934797756,30.0
LP001050,Male,Yes,2,Not Graduate,No,3365,1917.0,112.0,360.0,0.0,Rural,N,5282.0,0.021204089360090876,8.572249397164315,4.727387818712341,30.0
LP001052,Male,Yes,1,Graduate,No,3717,2925.0,151.0,360.0,-1.0,Semiurban,N,6642.0,0.02273411623005119,8.80131894766524,5.0238805208462765,30.0
LP001066,Male,Yes,0,Graduate,Yes,9560,0.0,191.0,360.0,1.0,Semiurban,Y,9560.0,0.01997907949790795,9.165447603085447,5.2574953720277815,30.0
LP001068,Male,Yes,0,Graduate,No,2799,2253.0,122.0,360.0,1.0,Semiurban,Y,5052.0,0.02414885193982581,8.527737405291909,4.812184355372417,30.0
LP001073,Male,Yes,2,Not Graduate,No,4226,1040.0,110.0,360.0,1.0,Urban,Y,5266.0,0.020888720091150777,8.569216219483389,4.709530201312334,30.0
LP001086,Male,No,0,Not Graduate,No,1442,0.0,35.0,360.0,1.0,Urban,N,1442.0,0.024271844660194174,7.274479558773871,3.58351893845611,30.0
LP001087,Female,No,2,Graduate,No,3750,2083.0,120.0,360.0,1.0,Semiurban,Y,5833.0,0.020572604148808505,8.671458150427666,4.795790545596741,30.0
LP001091,Male,Yes,1,Graduate,No,4166,3369.0,201.0,360.0,-1.0,Urban,N,7535.0,0.026675514266755143,8.927446816256198,5.308267697401205,30.0
LP001095,Male,No,0,Graduate,No,3167,0.0,74.0,360.0,1.0,Urban,N,3167.0,0.023365961477739186,8.060855752934316,4.31748811353631,30.0
LP001097,Male,No,1,Graduate,Yes,4692,0.0,106.0,360.0,1.0,Rural,N,4692.0,0.022591645353793693,8.453827315794417,4.672828834461906,30.0
LP001098,Male,Yes,0,Graduate,No,3500,1667.0,114.0,360.0,1.0,Semiurban,Y,5167.0,0.022063092703696534,8.550241045462437,4.74493212836325,30.0
LP001100,Male,No,3,Graduate,No,12500,3000.0,320.0,360.0,1.0,Rural,N,15500.0,0.02064516129032258,9.648659816955295,5.771441123130016,30.0
LP001106,Male,Yes,0,Graduate,No,2275,2067.0,128.0,360.0,1.0,Urban,Y,4342.0,0.02947950253339475,8.376320632534823,4.859812404361672,30.0
LP001109,Male,Yes,0,Graduate,No,1828,1330.0,100.0,360.0,0.0,Urban,N,3158.0,0.031665611146295125,8.058010800802085,4.61512051684126,30.0
LP001112,Female,Yes,0,Graduate,No,3667,1459.0,144.0,360.0,1.0,Semiurban,Y,5126.0,0.02809207959422552,8.5422759717837,4.976733742420574,30.0
LP001114,Male,No,0,Graduate,No,4166,7210.0,184.0,360.0,1.0,Urban,Y,11376.0,0.01617440225035162,9.339349052539717,5.220355825078324,30.0
LP001116,Male,No,0,Not Graduate,No,3748,1668.0,110.0,360.0,1.0,Semiurban,Y,5416.0,0.02031019202363368,8.597297435657898,4.709530201312334,30.0
LP001119,Male,No,0,Graduate,No,3600,0.0,80.0,360.0,1.0,Urban,N,3600.0,0.022222222222222223,8.188966863648876,4.394449154672439,30.0
LP001120,Male,No,0,Graduate,No,1800,1213.0,47.0,360.0,1.0,Urban,Y,3013.0,0.015599070693660804,8.01102337918644,3.871201010907891,30.0
LP001123,Male,Yes,0,Graduate,No,2400,0.0,75.0,360.0,-1.0,Urban,Y,2400.0,0.03125,7.783640596221253,4.330733340286331,30.0
LP001131,Male,Yes,0,Graduate,No,3941,2336.0,134.0,360.0,1.0,Semiurban,Y,6277.0,0.021347777600764697,8.744806737401898,4.90527477843843,30.0
LP001136,Male,Yes,0,Not Graduate,Yes,4695,0.0,96.0,360.0,1.0,Urban,Y,4695.0,0.020447284345047924,8.454466361507933,4.574710978503383,30.0
LP001137,Female,No,0,Graduate,No,3410,0.0,88.0,360.0,1.0,Urban,Y,3410.0,0.025806451612903226,8.134760782418645,4.48863636973214,30.0
LP001138,Male,Yes,1,Graduate,No,5649,0.0,44.0,360.0,1.0,Urban,Y,5649.0,0.007788989201628607,8.639410824140487,3.8066624897703196,30.0
LP001144,Male,Yes,0,Graduate,No,5821,0.0,144.0,360.0,1.0,Urban,Y,5821.0,0.02473801752276241,8.669399124305569,4.976733742420574,30.0
LP001146,Female,Yes,0,Graduate,No,2645,3440.0,120.0,360.0,0.0,Urban,N,6085.0,0.01972062448644207,8.713746330456916,4.795790545596741,30.0
LP001151,Female,No,0,Graduate,No,4000,2275.0,144.0,360.0,1.0,Semiurban,Y,6275.0,0.022948207171314742,8.744488113852924,4.976733742420574,30.0
LP001155,Female,Yes,0,Not Graduate,No,1928,1644.0,100.0,360.0,1.0,Semiurban,Y,3572.0,0.027995520716685332,8.181160858023409,4.61512051684126,30.0
LP001157,Female,No,0,Graduate,No,3086,0.0,120.0,360.0,1.0,Semiurban,Y,3086.0,0.03888528839922229,8.034955024502159,4.795790545596741,30.0
LP001164,Female,No,0,Graduate,No,4230,0.0,112.0,360.0,1.0,Semiurban,N,4230.0,0.026477541371158392,8.350193650720067,4.727387818712341,30.0
LP001179,Male,Yes,2,Graduate,No,4616,0.0,134.0,360.0,1.0,Urban,N,4616.0,0.02902946273830156,8.43750042250699,4.90527477843843,30.0
LP001186,Female,Yes,1,Graduate,Yes,11500,0.0,286.0,360.0,0.0,Urban,N,11500.0,0.024869565217391306,9.350189267092581,5.659482215759621,30.0
LP001194,Male,Yes,2,Graduate,No,2708,1167.0,97.0,360.0,1.0,Semiurban,Y,3875.0,0.02503225806451613,8.262558973010657,4.584967478670572,30.0
LP001195,Male,Yes,0,Graduate,No,2132,1591.0,96.0,360.0,1.0,Semiurban,Y,3723.0,0.0257856567284448,8.222553638396958,4.574710978503383,30.0
LP001197,Male,Yes,0,Graduate,No,3366,2200.0,135.0,360.0,1.0,Rural,N,5566.0,0.024254401724757457,8.624611588183507,4.912654885736052,30.0
LP001198,Male,Yes,1,Graduate,No,8080,2250.0,180.0,360.0,1.0,Urban,Y,10330.0,0.017424975798644726,9.242904362849446,5.198497031265826,30.0
LP001199,Male,Yes,2,Not Graduate,No,3357,2859.0,144.0,360.0,1.0,Urban,Y,6216.0,0.023166023166023165,8.735042754269337,4.976733742420574,30.0
LP001205,Male,Yes,0,Graduate,No,2500,3796.0,120.0,360.0,1.0,Urban,Y,6296.0,0.01905972045743329,8.747828608488742,4.795790545596741,30.0
LP001206,Male,Yes,3,Graduate,No,3029,0.0,99.0,360.0,1.0,Urban,Y,3029.0,0.03268405414328161,8.016317898503415,4.605170185988092,30.0
LP001207,Male,Yes,0,Not Graduate,Yes,2609,3449.0,165.0,180.0,0.0,Rural,N,6058.0,0.02723671178606801,8.70930004894499,5.111987788356544,15.0
LP001213,Male,Yes,1,Graduate,No,4945,0.0,128.0,360.0,0.0,Rural,N,4945.0,0.025884732052578362,8.506334448081361,4.859812404361672,30.0
LP001222,Female,No,0,Graduate,No,4166,0.0,116.0,360.0,0.0,Semiurban,N,4166.0,0.02784445511281805,8.334951631422454,4.762173934797756,30.0
LP001225,Male,Yes,0,Graduate,No,5726,4595.0,258.0,360.0,1.0,Semiurban,N,10321.0,0.024997577754093597,9.242032818708672,5.556828061699537,30.0
LP001228,Male,No,0,Not Graduate,No,3200,2254.0,126.0,180.0,0.0,Urban,N,5454.0,0.0231023102310231,8.604287898267172,4.844187086458591,15.0
LP001233,Male,Yes,1,Graduate,No,10750,0.0,312.0,360.0,1.0,Urban,Y,10750.0,0.02902325581395349,9.282754052485227,5.746203190540153,30.0
LP001238,Male,Yes,3,Not Graduate,Yes,7100,0.0,125.0,60.0,1.0,Urban,Y,7100.0,0.017605633802816902,8.867990898182093,4.836281906951478,5.0
LP001241,Female,No,0,Graduate,No,4300,0.0,136.0,360.0,0.0,Semiurban,N,4300.0,0.03162790697674418,8.366602832783736,4.919980925828125,30.0
LP001243,Male,Yes,0,Graduate,No,3208,3066.0,172.0,360.0,1.0,Urban,Y,6274.0,0.027414727446605038,8.744328763999984,5.153291594497779,30.0
LP001245,Male,Yes,2,Not Graduate,Yes,1875,1875.0,97.0,360.0,1.0,Semiurban,Y,3750.0,0.025866666666666666,8.229777750081887,4.584967478670572,30.0
LP001248,Male,No,0,Graduate,No,3500,0.0,81.0,300.0,1.0,Semiurban,Y,3500.0,0.023142857142857142,8.160803920954665,4.406719247264253,25.0
LP001250,Male,Yes,3,Not Graduate,No,4755,0.0,95.0,360.0,0.0,Semiurban,N,4755.0,0.019978969505783387,8.467162257810672,4.564348191467836,30.0
LP001253,Male,Yes,3,Graduate,Yes,5266,1774.0,187.0,360.0,1.0,Semiurban,Y,7040.0,0.0265625,8.859505484519133,5.236441962829949,30.0
LP001255,Male,No,0,Graduate,No,3750,0.0,113.0,480.0,1.0,Urban,N,3750.0,0.030133333333333335,8.229777750081887,4.736198448394496,40.0
LP001256,Male,No,0,Graduate,No,3750,4750.0,176.0,360.0,1.0,Urban,N,8500.0,0.020705882352941178,9.04793908261736,5.176149732573829,30.0
LP001259,Male,Yes,1,Graduate,Yes,1000,3022.0,110.0,360.0,1.0,Urban,N,4022.0,0.02734957732471407,8.299783171949787,4.709530201312334,30.0
LP001263,Male,Yes,3,Graduate,No,3167,4000.0,180.0,300.0,0.0,Semiurban,N,7167.0,0.025115110925073254,8.877381954654766,5.198497031265826,25.0
LP001264,Male,Yes,3,Not Graduate,Yes,3333,2166.0,130.0,360.0,-1.0,Semiurban,Y,5499.0,0.02364066193853428,8.612503371220562,4.875197323201151,30.0
LP001265,Female,No,0,Graduate,No,3846,0.0,111.0,360.0,1.0,Semiurban,Y,3846.0,0.028861154446177848,8.255048902752295,4.718498871295094,30.0
LP001266,Male,Yes,1,Graduate,Yes,2395,0.0,128.0,360.0,1.0,Semiurban,Y,2395.0,0.05344467640918581,7.78155595923534,4.859812404361672,30.0
LP001267,Female,Yes,2,Graduate,No,1378,1881.0,167.0,360.0,1.0,Urban,N,3259.0,0.0512427124884934,8.089482474360754,5.123963979403259,30.0
LP001273,Male,Yes,0,Graduate,No,6000,2250.0,265.0,360.0,-1.0,Semiurban,N,8250.0,0.03212121212121212,9.018089684104343,5.583496308781699,30.0
LP001275,Male,Yes,1,Graduate,No,3988,0.0,50.0,240.0,1.0,Urban,Y,3988.0,0.012537612838515547,8.291295851905407,3.9318256327243257,20.0
LP001279,Male,No,0,Graduate,No,2366,2531.0,136.0,360.0,1.0,Semiurban,Y,4897.0,0.027772105370635083,8.496582237512113,4.919980925828125,30.0
LP001280,Male,Yes,2,Not Graduate,No,3333,2000.0,99.0,360.0,-1.0,Semiurban,Y,5333.0,0.0185636602287643,8.58185670474196,4.605170185988092,30.0
LP001282,Male,Yes,0,Graduate,No,2500,2118.0,104.0,360.0,1.0,Semiurban,Y,4618.0,0.02252057167605024,8.437933510430605,4.653960350157523,30.0
LP001289,Male,No,0,Graduate,No,8566,0.0,210.0,360.0,1.0,Urban,Y,8566.0,0.02451552650011674,9.055672891964043,5.351858133476067,30.0
LP001310,Male,Yes,0,Graduate,No,5695,4167.0,175.0,360.0,1.0,Semiurban,Y,9862.0,0.017744879334820524,9.196545660953994,5.170483995038151,30.0
LP001316,Male,Yes,0,Graduate,No,2958,2900.0,131.0,360.0,1.0,Semiurban,Y,5858.0,0.022362581085694777,8.675734219544788,4.882801922586371,30.0
LP001318,Male,Yes,2,Graduate,No,6250,5654.0,188.0,180.0,1.0,Semiurban,Y,11904.0,0.015793010752688172,9.384713758920963,5.241747015059643,15.0
LP001319,Male,Yes,2,Not Graduate,No,3273,1820.0,81.0,360.0,1.0,Urban,Y,5093.0,0.015904182210877676,8.535818655539403,4.406719247264253,30.0
LP001322,Male,No,0,Graduate,No,4133,0.0,122.0,360.0,1.0,Semiurban,Y,4133.0,0.029518509557222357,8.327000740241713,4.812184355372417,30.0
LP001325,Male,No,0,Not Graduate,No,3620,0.0,25.0,120.0,1.0,Semiurban,Y,3620.0,0.006906077348066298,8.19450550976564,3.258096538021482,10.0
LP001326,Male,No,0,Graduate,No,6782,0.0,128.0,360.0,-1.0,Urban,N,6782.0,0.018873488646416987,8.82217476094608,4.859812404361672,30.0
LP001327,Female,Yes,0,Graduate,No,2484,2302.0,137.0,360.0,1.0,Semiurban,Y,4786.0,0.028625156707062265,8.473659189392508,4.927253685157205,30.0
LP001333,Male,Yes,0,Graduate,No,1977,997.0,50.0,360.0,1.0,Semiurban,Y,2974.0,0.016812373907195696,7.99799931797973,3.9318256327243257,30.0
LP001334,Male,Yes,0,Not Graduate,No,4188,0.0,115.0,180.0,1.0,Semiurban,Y,4188.0,0.027459407831900668,8.340217320947035,4.7535901911063645,15.0
LP001343,Male,Yes,0,Graduate,No,1759,3541.0,131.0,360.0,1.0,Semiurban,Y,5300.0,0.02471698113207547,8.575650760987806,4.882801922586371,30.0
LP001345,Male,Yes,2,Not Graduate,No,4288,3263.0,133.0,180.0,1.0,Urban,Y,7551.0,0.01761356111773275,8.929567707825337,4.897839799950911,15.0
LP001349,Male,No,0,Graduate,No,4843,3806.0,151.0,360.0,1.0,Semiurban,Y,8649.0,0.017458665741704245,9.065314599925925,5.0238805208462765,30.0
LP001350,Male,Yes,0,Graduate,No,13650,0.0,128.0,360.0,1.0,Urban,Y,13650.0,0.009377289377289377,9.521568058002977,4.859812404361672,30.0
LP001356,Male,Yes,0,Graduate,No,4652,3583.0,128.0,360.0,1.0,Semiurban,Y,8235.0,0.01554341226472374,9.01627006814768,4.859812404361672,30.0
LP001357,Male,Yes,0,Graduate,No,3816,754.0,160.0,360.0,1.0,Urban,Y,4570.0,0.0350109409190372,8.427487278331744,5.081404364984463,30.0
LP001367,Male,Yes,1,Graduate,No,3052,1030.0,100.0,360.0,1.0,Urban,Y,4082.0,0.02449779519843214,8.314587291319576,4.61512051684126,30.0
LP001369,Male,Yes,2,Graduate,No,11417,1126.0,225.0,360.0,1.0,Urban,Y,12543.0,0.01793829227457546,9.436997742590188,5.420534999272286,30.0
LP001370,Male,No,0,Not Graduate,No,7333,0.0,120.0,360.0,1.0,Rural,N,7333.0,0.01636438019909996,8.900276348631271,4.795790545596741,30.0
LP001379,Male,Yes,2,Graduate,No,3800,3600.0,216.0,360.0,0.0,Urban,N,7400.0,0.02918918918918919,8.909370405197466,5.37989735354046,30.0
LP001384,Male,Yes,3,Not Graduate,No,2071,754.0,94.0,480.0,1.0,Semiurban,Y,2825.0,0.03327433628318584,7.946617563244473,4.553876891600541,40.0
LP001385,Male,No,0,Graduate,No,5316,0.0,136.0,360.0,1.0,Urban,Y,5316.0,0.025583145221971408,8.57866451350434,4.919980925828125,30.0
LP001387,Female,Yes,0,Graduate,No,2929,2333.0,139.0,360.0,1.0,Semiurban,Y,5262.0,0.026415811478525276,8.56845648535378,4.941642422609304,30.0
LP001391,Male,Yes,0,Not Graduate,No,3572,4114.0,152.0,360.0,0.0,Rural,N,7686.0,0.019776216497527973,8.947285869349132,5.030437921392435,30.0
LP001392,Female,No,1,Graduate,Yes,7451,0.0,128.0,360.0,1.0,Semiurban,Y,7451.0,0.01717890216078379,8.916237731721479,4.859812404361672,30.0
LP001398,Male,No,0,Graduate,No,5050,0.0,118.0,360.0,1.0,Semiurban,Y,5050.0,0.023366336633663366,8.527341522468053,4.77912349311153,30.0
LP001401,Male,Yes,1,Graduate,No,14583,0.0,185.0,180.0,1.0,Rural,Y,14583.0,0.012686004251525749,9.5876803163585,5.225746673713202,15.0
LP001404,Female,Yes,0,Graduate,No,3167,2283.0,154.0,360.0,1.0,Semiurban,Y,5450.0,0.028256880733944955,8.603554357064281,5.043425116919247,30.0
LP001405,Male,Yes,1,Graduate,No,2214,1398.0,85.0,360.0,-1.0,Urban,Y,3612.0,0.02353266888150609,8.19229373114764,4.454347296253507,30.0
LP001421,Male,Yes,0,Graduate,No,5568,2142.0,175.0,360.0,1.0,Rural,N,7710.0,0.022697795071335927,8.95040315983296,5.170483995038151,30.0
LP001422,Female,No,0,Graduate,No,10408,0.0,259.0,360.0,1.0,Urban,Y,10408.0,0.024884704073789392,9.250426095515468,5.560681631015528,30.0
LP001426,Male,Yes,0,Graduate,No,5667,2667.0,180.0,360.0,1.0,Rural,Y,8334.0,0.02159827213822894,9.028218795184895,5.198497031265826,30.0
LP001430,Female,No,0,Graduate,No,4166,0.0,44.0,360.0,1.0,Semiurban,Y,4166.0,0.01056168987037926,8.334951631422454,3.8066624897703196,30.0
LP001431,Female,No,0,Graduate,No,2137,8980.0,137.0,360.0,0.0,Semiurban,Y,11117.0,0.01232346856166232,9.316320695513415,4.927253685157205,30.0
LP001432,Male,Yes,2,Graduate,No,2957,0.0,81.0,360.0,1.0,Semiurban,Y,2957.0,0.027392627663172135,7.992268643270745,4.406719247264253,30.0
LP001439,Male,Yes,0,Not Graduate,No,4300,2014.0,194.0,360.0,1.0,Rural,Y,6314.0,0.030725372188786824,8.750683034784592,5.272999558563747,30.0
LP001443,Female,No,0,Graduate,No,3692,0.0,93.0,360.0,-1.0,Rural,Y,3692.0,0.025189599133261104,8.214194414852564,4.543294782270004,30.0
LP001448,Male,Yes,3,Graduate,No,23803,0.0,370.0,360.0,1.0,Rural,Y,23803.0,0.015544259127000798,10.077608912764743,5.916202062607435,30.0
LP001449,Male,No,0,Graduate,No,3865,1640.0,128.0,360.0,1.0,Rural,Y,5505.0,0.023251589464123524,8.613593685702552,4.859812404361672,30.0
LP001451,Male,Yes,1,Graduate,Yes,10513,3850.0,160.0,180.0,0.0,Urban,N,14363.0,0.011139734038849823,9.572480355345974,5.081404364984463,15.0
LP001465,Male,Yes,0,Graduate,No,6080,2569.0,182.0,360.0,-1.0,Rural,N,8649.0,0.021042895132385248,9.065314599925925,5.209486152841421,30.0
LP001469,Male,No,0,Graduate,Yes,20166,0.0,650.0,480.0,-1.0,Urban,Y,20166.0,0.03223247049489239,9.911802884139842,6.478509642208569,40.0
LP001473,Male,No,0,Graduate,No,2014,1929.0,74.0,360.0,1.0,Urban,Y,3943.0,0.018767435962465127,8.279950715722526,4.31748811353631,30.0
LP001478,Male,No,0,Graduate,No,2718,0.0,70.0,360.0,1.0,Semiurban,Y,2718.0,0.025754231052244298,7.908019444632471,4.2626798770413155,30.0
LP001482,Male,Yes,0,Graduate,Yes,3459,0.0,25.0,120.0,1.0,Semiurban,Y,3459.0,0.007227522405319456,8.14902386805177,3.258096538021482,10.0
LP001487,Male,No,0,Graduate,No,4895,0.0,102.0,360.0,1.0,Semiurban,Y,4895.0,0.020837589376915218,8.496173824192162,4.634728988229636,30.0
LP001488,Male,Yes,3,Graduate,No,4000,7750.0,290.0,360.0,1.0,Semiurban,N,11750.0,0.02468085106382979,9.371693622333941,5.673323267171493,30.0
LP001489,Female,Yes,0,Graduate,No,4583,0.0,84.0,360.0,1.0,Rural,N,4583.0,0.0183286057167794,8.430327258394575,4.442651256490317,30.0
LP001491,Male,Yes,2,Graduate,Yes,3316,3500.0,88.0,360.0,1.0,Urban,Y,6816.0,0.012910798122065728,8.827174771362785,4.48863636973214,30.0
LP001492,Male,No,0,Graduate,No,14999,0.0,242.0,360.0,0.0,Semiurban,N,14999.0,0.016134408960597372,9.615805480084347,5.493061443340548,30.0
LP001493,Male,Yes,2,Not Graduate,No,4200,1430.0,129.0,360.0,1.0,Rural,N,5630.0,0.022912966252220248,8.636042325254618,4.867534450455582,30.0
LP001497,Male,Yes,2,Graduate,No,5042,2083.0,185.0,360.0,1.0,Rural,N,7125.0,0.025964912280701753,8.871505346165781,5.225746673713202,30.0
LP001498,Male,No,0,Graduate,No,5417,0.0,168.0,360.0,1.0,Urban,Y,5417.0,0.031013476093778844,8.59748202264504,5.1298987149230735,30.0
LP001504,Male,No,0,Graduate,Yes,6950,0.0,175.0,180.0,1.0,Semiurban,Y,6950.0,0.025179856115107913,8.846640813100485,5.170483995038151,15.0
LP001507,Male,Yes,0,Graduate,No,2698,2034.0,122.0,360.0,1.0,Semiurban,Y,4732.0,0.02578191039729501,8.462314529906248,4.812184355372417,30.0
LP001508,Male,Yes,2,Graduate,No,11757,0.0,187.0,180.0,1.0,Urban,Y,11757.0,0.01590541804882198,9.3722891389622,5.236441962829949,15.0
LP001514,Female,Yes,0,Graduate,No,2330,4486.0,100.0,360.0,1.0,Semiurban,Y,6816.0,0.014671361502347418,8.827174771362785,4.61512051684126,30.0
LP001516,Female,Yes,2,Graduate,No,14866,0.0,70.0,360.0,1.0,Urban,Y,14866.0,0.0047087313332436435,9.60689927061335,4.2626798770413155,30.0
LP001518,Male,Yes,1,Graduate,No,1538,1425.0,30.0,360.0,1.0,Urban,Y,2963.0,0.010124873439082012,7.994294986415977,3.4339872044851463,30.0
LP001519,Female,No,0,Graduate,No,10000,1666.0,225.0,360.0,1.0,Rural,N,11666.0,0.019286816389507973,9.364519622823858,5.420534999272286,30.0
LP001520,Male,Yes,0,Graduate,No,4860,830.0,125.0,360.0,1.0,Semiurban,Y,5690.0,0.021968365553602813,8.646641258603124,4.836281906951478,30.0
LP001528,Male,No,0,Graduate,No,6277,0.0,118.0,360.0,0.0,Rural,N,6277.0,0.018798789230524134,8.744806737401898,4.77912349311153,30.0
LP001529,Male,Yes,0,Graduate,Yes,2577,3750.0,152.0,360.0,1.0,Rural,Y,6327.0,0.024024024024024024,8.75273950944749,5.030437921392435,30.0
LP001531,Male,No,0,Graduate,No,9166,0.0,244.0,360.0,1.0,Urban,N,9166.0,0.026620117826751038,9.123365357961776,5.501258210544727,30.0
LP001532,Male,Yes,2,Not Graduate,No,2281,0.0,113.0,360.0,1.0,Rural,N,2281.0,0.049539675580885574,7.732807530422021,4.736198448394496,30.0
LP001535,Male,No,0,Graduate,No,3254,0.0,50.0,360.0,1.0,Urban,Y,3254.0,0.015365703749231715,8.08794755464267,3.9318256327243257,30.0
LP001536,Male,Yes,3,Graduate,No,39999,0.0,600.0,180.0,0.0,Semiurban,Y,39999.0,0.015000375009375235,10.596634733096073,6.398594934535208,15.0
LP001541,Male,Yes,1,Graduate,No,6000,0.0,160.0,360.0,-1.0,Rural,Y,6000.0,0.02666666666666667,8.699681400989514,5.081404364984463,30.0
LP001543,Male,Yes,1,Graduate,No,9538,0.0,187.0,360.0,1.0,Urban,Y,9538.0,0.019605787376808556,9.163143937145207,5.236441962829949,30.0
LP001546,Male,No,0,Graduate,No,2980,2083.0,120.0,360.0,1.0,Rural,Y,5063.0,0.023701362828362632,8.529911963824013,4.795790545596741,30.0
LP001552,Male,Yes,0,Graduate,No,4583,5625.0,255.0,360.0,1.0,Semiurban,Y,10208.0,0.02498040752351097,9.231024963169016,5.545177444479562,30.0
LP001560,Male,Yes,0,Not Graduate,No,1863,1041.0,98.0,360.0,1.0,Semiurban,Y,2904.0,0.0337465564738292,7.974188669286011,4.59511985013459,30.0
LP001562,Male,Yes,0,Graduate,No,7933,0.0,275.0,360.0,1.0,Urban,N,7933.0,0.03466532207235598,8.978912601074276,5.62040086571715,30.0
LP001565,Male,Yes,1,Graduate,No,3089,1280.0,121.0,360.0,0.0,Semiurban,N,4369.0,0.027695124742504004,8.382518288089635,4.804021044733257,30.0
LP001570,Male,Yes,2,Graduate,No,4167,1447.0,158.0,360.0,1.0,Rural,Y,5614.0,0.028143925899536872,8.633196867172543,5.0689042022202315,30.0
LP001572,Male,Yes,0,Graduate,No,9323,0.0,75.0,180.0,1.0,Urban,Y,9323.0,0.008044620830204869,9.140347000155648,4.330733340286331,15.0
LP001574,Male,Yes,0,Graduate,No,3707,3166.0,182.0,360.0,1.0,Rural,Y,6873.0,0.02648043067074058,8.835501457409778,5.209486152841421,30.0
LP001577,Female,Yes,0,Graduate,No,4583,0.0,112.0,360.0,1.0,Rural,N,4583.0,0.02443814095570587,8.430327258394575,4.727387818712341,30.0
LP001578,Male,Yes,0,Graduate,No,2439,3333.0,129.0,360.0,1.0,Rural,Y,5772.0,0.02234927234927235,8.660947155060933,4.867534450455582,30.0
LP001579,Male,No,0,Graduate,No,2237,0.0,63.0,480.0,0.0,Semiurban,N,2237.0,0.028162717925793473,7.71333788887187,4.1588830833596715,40.0
LP001580,Male,Yes,2,Graduate,No,8000,0.0,200.0,360.0,1.0,Semiurban,Y,8000.0,0.025,8.987321812850125,5.303304908059076,30.0
LP001581,Male,Yes,0,Not Graduate,No,1820,1769.0,95.0,360.0,1.0,Rural,Y,3589.0,0.026469768737809974,8.185907481482324,4.564348191467836,30.0
LP001585,Male,Yes,3,Graduate,No,51763,0.0,700.0,300.0,1.0,Urban,Y,51763.0,0.013523172922744044,10.85445020594156,6.55250788703459,25.0
LP001586,Male,Yes,3,Not Graduate,No,3522,0.0,81.0,180.0,1.0,Rural,N,3522.0,0.022998296422487224,8.167068178341237,4.406719247264253,15.0
LP001594,Male,Yes,0,Graduate,No,5708,5625.0,187.0,360.0,1.0,Semiurban,Y,11333.0,0.016500485308391422,9.335562336729565,5.236441962829949,30.0
LP001603,Male,Yes,0,Not Graduate,Yes,4344,736.0,87.0,360.0,1.0,Semiurban,N,5080.0,0.017125984251968505,8.533263371593732,4.477336814478207,30.0
LP001606,Male,Yes,0,Graduate,No,3497,1964.0,116.0,360.0,1.0,Rural,Y,5461.0,0.021241530855154733,8.60557030203365,4.762173934797756,30.0
LP001608,Male,Yes,2,Graduate,No,2045,1619.0,101.0,360.0,1.0,Rural,Y,3664.0,0.027565502183406112,8.206583614320753,4.624972813284271,30.0
LP001610,Male,Yes,3,Graduate,No,5516,11300.0,495.0,360.0,0.0,Semiurban,N,16816.0,0.029436251189343482,9.73014555852275,6.206575926724928,30.0
LP001616,Male,Yes,1,Graduate,No,3750,0.0,116.0,360.0,1.0,Semiurban,Y,3750.0,0.030933333333333334,8.229777750081887,4.762173934797756,30.0
LP001630,Male,No,0,Not Graduate,No,2333,1451.0,102.0,480.0,0.0,Urban,N,3784.0,0.026955602536997886,8.23880116587155,4.634728988229636,40.0
LP001633,Male,Yes,1,Graduate,No,6400,7250.0,180.0,360.0,0.0,Urban,N,13650.0,0.013186813186813187,9.521568058002977,5.198497031265826,30.0
LP001634,Male,No,0,Graduate,No,1916,5063.0,67.0,360.0,-1.0,Rural,N,6979.0,0.00960022925920619,8.850804195756417,4.219507705176107,30.0
LP001636,Male,Yes,0,Graduate,No,4600,0.0,73.0,180.0,1.0,Semiurban,Y,4600.0,0.015869565217391305,8.434028950155469,4.30406509320417,15.0
LP001637,Male,Yes,1,Graduate,No,33846,0.0,260.0,360.0,1.0,Semiurban,N,33846.0,0.00768185309933227,10.429605648120413,5.564520407322694,30.0
LP001639,Female,Yes,0,Graduate,No,3625,0.0,108.0,360.0,1.0,Semiurban,Y,3625.0,0.029793103448275862,8.195885391314796,4.6913478822291435,30.0
LP001640,Male,Yes,0,Graduate,Yes,39147,4750.0,120.0,360.0,1.0,Semiurban,Y,43897.0,0.0027336720049206094,10.6896240399389,4.795790545596741,30.0
LP001641,Male,Yes,1,Graduate,Yes,2178,0.0,66.0,300.0,0.0,Rural,N,2178.0,0.030303030303030304,7.68662133494462,4.204692619390966,25.0
LP001643,Male,Yes,0,Graduate,No,2383,2138.0,58.0,360.0,-1.0,Rural,Y,4521.0,0.012829020128290201,8.416709652837914,4.07753744390572,30.0
LP001644,Male,Yes,0,Graduate,Yes,674,5296.0,168.0,360.0,1.0,Rural,Y,5970.0,0.02814070351758794,8.694669696546992,5.1298987149230735,30.0
LP001647,Male,Yes,0,Graduate,No,9328,0.0,188.0,180.0,1.0,Rural,Y,9328.0,0.020154373927958835,9.140883106960962,5.241747015059643,15.0
LP001653,Male,No,0,Not Graduate,No,4885,0.0,48.0,360.0,1.0,Rural,Y,4885.0,0.009825997952917094,8.494129251817686,3.8918202981106265,30.0
LP001656,Male,No,0,Graduate,No,12000,0.0,164.0,360.0,1.0,Semiurban,N,12000.0,0.013666666666666667,9.392745258631441,5.10594547390058,30.0
LP001657,Male,Yes,0,Not Graduate,No,6033,0.0,160.0,360.0,1.0,Urban,N,6033.0,0.026520802254268193,8.705165419719007,5.081404364984463,30.0
LP001658,Male,No,0,Graduate,No,3858,0.0,76.0,360.0,1.0,Semiurban,Y,3858.0,0.019699326075686883,8.258163361537619,4.343805421853684,30.0
LP001664,Male,No,0,Graduate,No,4191,0.0,120.0,360.0,1.0,Rural,Y,4191.0,0.02863278453829635,8.340933226000878,4.795790545596741,30.0
LP001665,Male,Yes,1,Graduate,No,3125,2583.0,170.0,360.0,1.0,Semiurban,N,5708.0,0.029782761037140854,8.64979915596426,5.14166355650266,30.0
LP001666,Male,No,0,Graduate,No,8333,3750.0,187.0,360.0,1.0,Rural,Y,12083.0,0.015476289001075892,9.399637542506563,5.236441962829949,30.0
LP001669,Female,No,0,Not Graduate,No,1907,2365.0,120.0,360.0,1.0,Urban,Y,4272.0,0.028089887640449437,8.360071435644025,4.795790545596741,30.0
LP001671,Female,Yes,0,Graduate,No,3416,2816.0,113.0,360.0,-1.0,Semiurban,Y,6232.0,0.01813222079589217,8.73761303680885,4.736198448394496,30.0
LP001673,Male,No,0,Graduate,Yes,11000,0.0,83.0,360.0,1.0,Urban,N,11000.0,0.007545454545454545,9.305741456739435,4.430816798843313,30.0
LP001674,Male,Yes,1,Not Graduate,No,2600,2500.0,90.0,360.0,1.0,Semiurban,Y,5100.0,0.01764705882352941,8.537191877922927,4.51085950651685,30.0
LP001677,Male,No,2,Graduate,No,4923,0.0,166.0,360.0,0.0,Semiurban,Y,4923.0,0.03371927686370099,8.501876487304344,5.117993812416755,30.0
LP001682,Male,Yes,3,Not Graduate,No,3992,0.0,128.0,180.0,1.0,Urban,N,3992.0,0.03206412825651302,8.292298107063221,4.859812404361672,15.0
LP001688,Male,Yes,1,Not Graduate,No,3500,1083.0,135.0,360.0,1.0,Urban,Y,4583.0,0.029456687759109753,8.430327258394575,4.912654885736052,30.0
LP001691,Male,Yes,2,Not Graduate,No,3917,0.0,124.0,360.0,1.0,Semiurban,Y,3917.0,0.03165688026550932,8.273336598504486,4.8283137373023015,30.0
LP001692,Female,No,0,Not Graduate,No,4408,0.0,120.0,360.0,1.0,Semiurban,Y,4408.0,0.02722323049001815,8.391403185357937,4.795790545596741,30.0
LP001693,Female,No,0,Graduate,No,3244,0.0,80.0,360.0,1.0,Urban,Y,3244.0,0.02466091245376079,8.08487062913819,4.394449154672439,30.0
LP001698,Male,No,0,Not Graduate,No,3975,2531.0,55.0,360.0,1.0,Rural,Y,6506.0,0.008453735013833385,8.780633799494984,4.02535169073515,30.0
LP001699,Male,No,0,Graduate,No,2479,0.0,59.0,360.0,1.0,Urban,Y,2479.0,0.02379991932230738,7.8160138391590275,4.0943445622221,30.0
LP001702,Male,No,0,Graduate,No,3418,0.0,127.0,360.0,1.0,Semiurban,N,3418.0,0.0371562317144529,8.137103389639302,4.852030263919617,30.0
LP001708,Female,No,0,Graduate,No,10000,0.0,214.0,360.0,1.0,Semiurban,N,10000.0,0.0214,9.210440366976517,5.3706380281276624,30.0
LP001711,Male,Yes,3,Graduate,No,3430,1250.0,128.0,360.0,0.0,Semiurban,N,4680.0,0.02735042735042735,8.45126704130007,4.859812404361672,30.0
LP001713,Male,Yes,1,Graduate,Yes,7787,0.0,240.0,360.0,1.0,Urban,Y,7787.0,0.030820598433286245,8.960339366492091,5.484796933490655,30.0
LP001715,Male,Yes,3,Not Graduate,Yes,5703,0.0,130.0,360.0,1.0,Rural,Y,5703.0,0.02279502016482553,8.648922962094131,4.875197323201151,30.0
LP001716,Male,Yes,0,Graduate,No,3173,3021.0,137.0,360.0,1.0,Urban,Y,6194.0,0.022118178882789795,8.731497794063243,4.927253685157205,30.0
LP001720,Male,Yes,3,Not Graduate,No,3850,983.0,100.0,360.0,1.0,Semiurban,Y,4833.0,0.02069108214359611,8.483429561263428,4.61512051684126,30.0
LP001722,Male,Yes,0,Graduate,No,150,1800.0,135.0,360.0,1.0,Rural,N,1950.0,0.06923076923076923,7.576097340623111,4.912654885736052,30.0
LP001726,Male,Yes,0,Graduate,No,3727,1775.0,131.0,360.0,1.0,Semiurban,Y,5502.0,0.023809523809523808,8.613048677059759,4.882801922586371,30.0
LP001732,Male,Yes,2,Graduate,No,5000,0.0,72.0,360.0,0.0,Semiurban,N,5000.0,0.0144,8.517393171418904,4.290459441148391,30.0
LP001734,Female,Yes,2,Graduate,No,4283,2383.0,127.0,360.0,-1.0,Semiurban,Y,6666.0,0.019051905190519053,8.80492526261806,4.852030263919617,30.0
LP001736,Male,Yes,0,Graduate,No,2221,0.0,60.0,360.0,0.0,Urban,N,2221.0,0.0270148581719946,7.706162970199576,4.110873864173311,30.0
LP001743,Male,Yes,2,Graduate,No,4009,1717.0,116.0,360.0,1.0,Semiurban,Y,5726.0,0.020258470136220747,8.652947112393857,4.762173934797756,30.0
LP001744,Male,No,0,Graduate,No,2971,2791.0,144.0,360.0,1.0,Semiurban,Y,5762.0,0.024991322457480043,8.659213451436667,4.976733742420574,30.0
LP001749,Male,Yes,0,Graduate,No,7578,1010.0,175.0,360.0,1.0,Semiurban,Y,8588.0,0.0203772706101537,9.058237593766226,5.170483995038151,30.0
LP001750,Male,Yes,0,Graduate,No,6250,0.0,128.0,360.0,1.0,Semiurban,Y,6250.0,0.02048,8.740496729931813,4.859812404361672,30.0
LP001751,Male,Yes,0,Graduate,No,3250,0.0,170.0,360.0,1.0,Rural,N,3250.0,0.052307692307692305,8.086717920303906,5.14166355650266,30.0
LP001754,Male,Yes,0,Not Graduate,Yes,4735,0.0,138.0,360.0,1.0,Urban,N,4735.0,0.02914466737064414,8.462948176563842,4.9344739331306915,30.0
LP001758,Male,Yes,2,Graduate,No,6250,1695.0,210.0,360.0,1.0,Semiurban,Y,7945.0,0.02643171806167401,8.980423936374544,5.351858133476067,30.0
LP001760,Male,Yes,0,Graduate,No,4758,0.0,158.0,480.0,1.0,Semiurban,Y,4758.0,0.0332072299285414,8.46779284112111,5.0689042022202315,40.0
LP001761,Male,No,0,Graduate,Yes,6400,0.0,200.0,360.0,1.0,Rural,Y,6400.0,0.03125,8.764209507142004,5.303304908059076,30.0
LP001765,Male,Yes,1,Graduate,No,2491,2054.0,104.0,360.0,1.0,Semiurban,Y,4545.0,0.02288228822882288,8.422003004412488,4.653960350157523,30.0
LP001768,Male,Yes,0,Graduate,No,3716,0.0,42.0,180.0,1.0,Rural,Y,3716.0,0.011302475780409042,8.220672170297252,3.7612001156935624,15.0
LP001770,Male,No,0,Not Graduate,No,3189,2598.0,120.0,360.0,1.0,Rural,Y,5787.0,0.020736132711249352,8.663542087751374,4.795790545596741,30.0
LP001776,Female,No,0,Graduate,No,8333,0.0,280.0,360.0,1.0,Semiurban,Y,8333.0,0.03360134405376215,9.0280988119824,5.638354669333745,30.0
LP001778,Male,Yes,1,Graduate,No,3155,1779.0,140.0,360.0,1.0,Semiurban,Y,4934.0,0.02837454398054317,8.504107951867582,4.948759890378168,30.0
LP001784,Male,Yes,1,Graduate,No,5500,1260.0,170.0,360.0,1.0,Rural,Y,6760.0,0.02514792899408284,8.818926087090677,5.14166355650266,30.0
LP001786,Male,Yes,0,Graduate,No,5746,0.0,255.0,360.0,-1.0,Urban,N,5746.0,0.04437869822485207,8.656433258507741,5.545177444479562,30.0
LP001788,Female,No,0,Graduate,Yes,3463,0.0,122.0,360.0,-1.0,Urban,Y,3463.0,0.03522956973722206,8.150179269682326,4.812184355372417,30.0
LP001790,Female,No,1,Graduate,No,3812,0.0,112.0,360.0,1.0,Rural,Y,3812.0,0.02938090241343127,8.246171559857563,4.727387818712341,30.0
LP001792,Male,Yes,1,Graduate,No,3315,0.0,96.0,360.0,1.0,Semiurban,Y,3315.0,0.02895927601809955,8.106514516255185,4.574710978503383,30.0
LP001798,Male,Yes,2,Graduate,No,5819,5000.0,120.0,360.0,1.0,Rural,Y,10819.0,0.01109159811442832,9.289151552400472,4.795790545596741,30.0
LP001800,Male,Yes,1,Not Graduate,No,2510,1983.0,140.0,180.0,1.0,Urban,N,4493.0,0.031159581571333184,8.410498452745275,4.948759890378168,15.0
LP001806,Male,No,0,Graduate,No,2965,5701.0,155.0,60.0,1.0,Urban,Y,8666.0,0.017885991230094624,9.067277989134345,5.049856007249537,5.0
LP001807,Male,Yes,2,Graduate,Yes,6250,1300.0,108.0,360.0,1.0,Rural,Y,7550.0,0.014304635761589404,8.929435283803425,4.6913478822291435,30.0
LP001811,Male,Yes,0,Not Graduate,No,3406,4417.0,123.0,360.0,1.0,Semiurban,Y,7823.0,0.01572286846478333,8.964951211714654,4.820281565605037,30.0
LP001813,Male,No,0,Graduate,Yes,6050,4333.0,120.0,180.0,1.0,Urban,N,10383.0,0.011557353366079168,9.248021438943871,4.795790545596741,15.0
LP001814,Male,Yes,2,Graduate,No,9703,0.0,112.0,360.0,1.0,Urban,Y,9703.0,0.011542821807688343,9.180293450623886,4.727387818712341,30.0
LP001819,Male,Yes,1,Not Graduate,No,6608,0.0,137.0,180.0,1.0,Urban,Y,6608.0,0.020732445520581115,8.796187635470453,4.927253685157205,15.0
LP001824,Male,Yes,1,Graduate,No,2882,1843.0,123.0,480.0,1.0,Semiurban,Y,4725.0,0.02603174603174603,8.460834457746854,4.820281565605037,40.0
LP001825,Male,Yes,0,Graduate,No,1809,1868.0,90.0,360.0,1.0,Urban,Y,3677.0,0.024476475387544192,8.210124405164267,4.51085950651685,30.0
LP001835,Male,Yes,0,Not Graduate,No,1668,3890.0,201.0,360.0,0.0,Semiurban,N,5558.0,0.0361640878013674,8.62317351495347,5.308267697401205,30.0
LP001836,Female,No,2,Graduate,No,3427,0.0,138.0,360.0,1.0,Urban,N,3427.0,0.040268456375838924,8.13973227971767,4.9344739331306915,30.0
LP001841,Male,No,0,Not Graduate,Yes,2583,2167.0,104.0,360.0,1.0,Rural,Y,4750.0,0.021894736842105262,8.46611040118692,4.653960350157523,30.0
LP001843,Male,Yes,1,Not Graduate,No,2661,7101.0,279.0,180.0,1.0,Semiurban,Y,9762.0,0.02858020897357099,9.186355009225672,5.634789603169249,15.0
LP001844,Male,No,0,Graduate,Yes,16250,0.0,192.0,360.0,0.0,Urban,N,16250.0,0.011815384615384615,9.69590972432601,5.262690188904886,30.0
LP001846,Female,No,3,Graduate,No,3083,0.0,255.0,360.0,1.0,Rural,Y,3083.0,0.08271164450210834,8.03398273468322,5.545177444479562,30.0
LP001849,Male,No,0,Not Graduate,No,6045,0.0,115.0,360.0,0.0,Rural,N,6045.0,0.01902398676592225,8.707152175339404,4.7535901911063645,30.0
LP001854,Male,Yes,3,Graduate,No,5250,0.0,94.0,360.0,1.0,Urban,N,5250.0,0.017904761904761906,8.566173813637858,4.553876891600541,30.0
LP001859,Male,Yes,0,Graduate,No,14683,2100.0,304.0,360.0,1.0,Rural,N,16783.0,0.018113567300244295,9.728181330636078,5.720311776607412,30.0
LP001864,Male,Yes,3,Not Graduate,No,4931,0.0,128.0,360.0,-1.0,Semiurban,N,4931.0,0.02595822348408031,8.503499864284235,4.859812404361672,30.0
LP001865,Male,Yes,1,Graduate,No,6083,4250.0,330.0,360.0,-1.0,Urban,Y,10333.0,0.03193651408109939,9.24319470884713,5.802118375377063,30.0
LP001868,Male,No,0,Graduate,No,2060,2209.0,134.0,360.0,1.0,Semiurban,Y,4269.0,0.03138908409463575,8.35936910622267,4.90527477843843,30.0
LP001870,Female,No,1,Graduate,No,3481,0.0,155.0,36.0,1.0,Semiurban,N,3481.0,0.04452743464521689,8.155362120328135,5.049856007249537,3.0
LP001871,Female,No,0,Graduate,No,7200,0.0,120.0,360.0,1.0,Rural,Y,7200.0,0.016666666666666666,8.881975184248867,4.795790545596741,30.0
LP001872,Male,No,0,Graduate,Yes,5166,0.0,128.0,360.0,1.0,Semiurban,Y,5166.0,0.024777390631049168,8.550047528287184,4.859812404361672,30.0
LP001875,Male,No,0,Graduate,No,4095,3447.0,151.0,360.0,1.0,Rural,Y,7542.0,0.02002121453195439,8.928375259853631,5.0238805208462765,30.0
LP001877,Male,Yes,2,Graduate,No,4708,1387.0,150.0,360.0,1.0,Semiurban,Y,6095.0,0.02461033634126333,8.715388097366482,5.017279836814924,30.0
LP001882,Male,Yes,3,Graduate,No,4333,1811.0,160.0,360.0,0.0,Urban,Y,6144.0,0.026041666666666668,8.723394022000136,5.081404364984463,30.0
LP001883,Female,No,0,Graduate,No,3418,0.0,135.0,360.0,1.0,Rural,N,3418.0,0.03949678174370977,8.137103389639302,4.912654885736052,30.0
LP001884,Female,No,1,Graduate,No,2876,1560.0,90.0,360.0,1.0,Urban,Y,4436.0,0.02028854824165915,8.39773375137891,4.51085950651685,30.0
LP001888,Female,No,0,Graduate,No,3237,0.0,30.0,360.0,1.0,Urban,Y,3237.0,0.009267840593141797,8.08271113423758,3.4339872044851463,30.0
LP001891,Male,Yes,0,Graduate,No,11146,0.0,136.0,360.0,1.0,Urban,Y,11146.0,0.012201686703750225,9.318925682389624,4.919980925828125,30.0
LP001892,Male,No,0,Graduate,No,2833,1857.0,126.0,360.0,1.0,Rural,Y,4690.0,0.026865671641791045,8.453401058328458,4.844187086458591,30.0
LP001894,Male,Yes,0,Graduate,No,2620,2223.0,150.0,360.0,1.0,Semiurban,Y,4843.0,0.03097253768325418,8.485496104672983,5.017279836814924,30.0
LP001896,Male,Yes,2,Graduate,No,3900,0.0,90.0,360.0,1.0,Semiurban,Y,3900.0,0.023076923076923078,8.268988209506656,4.51085950651685,30.0
LP001900,Male,Yes,1,Graduate,No,2750,1842.0,115.0,360.0,1.0,Semiurban,Y,4592.0,0.02504355400696864,8.432288684325794,4.7535901911063645,30.0
LP001903,Male,Yes,0,Graduate,No,3993,3274.0,207.0,360.0,1.0,Semiurban,Y,7267.0,0.02848493188385854,8.891236429516061,5.337538079701318,30.0
LP001904,Male,Yes,0,Graduate,No,3103,1300.0,80.0,360.0,1.0,Urban,Y,4403.0,0.018169429934135818,8.390268497842571,4.394449154672439,30.0
LP001907,Male,Yes,0,Graduate,No,14583,0.0,436.0,360.0,1.0,Semiurban,Y,14583.0,0.02989782623602825,9.5876803163585,6.07993319509559,30.0
LP001908,Female,Yes,0,Not Graduate,No,4100,0.0,124.0,360.0,-1.0,Rural,Y,4100.0,0.03024390243902439,8.31898612539206,4.8283137373023015,30.0
LP001910,Male,No,1,Not Graduate,Yes,4053,2426.0,158.0,360.0,0.0,Urban,N,6479.0,0.02438647939496836,8.776475789346321,5.0689042022202315,30.0
LP001914,Male,Yes,0,Graduate,No,3927,800.0,112.0,360.0,1.0,Semiurban,Y,4727.0,0.0236936746350751,8.461257559085935,4.727387818712341,30.0
LP001915,Male,Yes,2,Graduate,No,2301,985.7999878,78.0,180.0,1.0,Urban,Y,3286.7999878,0.023731288879615956,8.097973923364721,4.3694478524670215,15.0
LP001917,Female,No,0,Graduate,No,1811,1666.0,54.0,360.0,1.0,Urban,Y,3477.0,0.015530629853321829,8.154212694914229,4.007333185232471,30.0
LP001922,Male,Yes,0,Graduate,No,20667,0.0,128.0,360.0,1.0,Rural,N,20667.0,0.006193448492766246,9.936341889407075,4.859812404361672,30.0
LP001924,Male,No,0,Graduate,No,3158,3053.0,89.0,360.0,1.0,Rural,Y,6211.0,0.014329415553051039,8.734238184268579,4.499809670330265,30.0
LP001925,Female,No,0,Graduate,Yes,2600,1717.0,99.0,300.0,1.0,Semiurban,N,4317.0,0.022932592077831826,8.370547611074752,4.605170185988092,25.0
LP001926,Male,Yes,0,Graduate,No,3704,2000.0,120.0,360.0,1.0,Rural,Y,5704.0,0.021037868162692847,8.649098262296176,4.795790545596741,30.0
LP001931,Female,No,0,Graduate,No,4124,0.0,115.0,360.0,1.0,Semiurban,Y,4124.0,0.027885548011639186,8.324821298768782,4.7535901911063645,30.0
LP001935,Male,No,0,Graduate,No,9508,0.0,187.0,360.0,1.0,Rural,Y,9508.0,0.019667648296171646,9.159993997539445,5.236441962829949,30.0
LP001936,Male,Yes,0,Graduate,No,3075,2416.0,139.0,360.0,1.0,Rural,Y,5491.0,0.025314150427973046,8.61104776688786,4.941642422609304,30.0
LP001938,Male,Yes,2,Graduate,No,4400,0.0,127.0,360.0,0.0,Semiurban,N,4400.0,0.028863636363636362,8.38958706681109,4.852030263919617,30.0
LP001940,Male,Yes,2,Graduate,No,3153,1560.0,134.0,360.0,1.0,Urban,Y,4713.0,0.028431996605134735,8.458292083496076,4.90527477843843,30.0
LP001945,Female,No,0,Graduate,No,5417,0.0,143.0,480.0,0.0,Urban,N,5417.0,0.026398375484585564,8.59748202264504,4.969813299576001,40.0
LP001947,Male,Yes,0,Graduate,No,2383,3334.0,172.0,360.0,1.0,Semiurban,Y,5717.0,0.03008570928808816,8.651374372882257,5.153291594497779,30.0
LP001949,Male,Yes,3,Graduate,No,4416,1250.0,110.0,360.0,1.0,Urban,Y,5666.0,0.01941404871161313,8.64241515616962,4.709530201312334,30.0
LP001953,Male,Yes,1,Graduate,No,6875,0.0,200.0,360.0,1.0,Semiurban,Y,6875.0,0.02909090909090909,8.83579236650274,5.303304908059076,30.0
LP001954,Female,Yes,1,Graduate,No,4666,0.0,135.0,360.0,1.0,Urban,Y,4666.0,0.028932704672096014,8.448271745949816,4.912654885736052,30.0
LP001955,Female,No,0,Graduate,No,5000,2541.0,151.0,480.0,1.0,Rural,N,7541.0,0.020023869513327144,8.928242677818302,5.0238805208462765,40.0
LP001963,Male,Yes,1,Graduate,No,2014,2925.0,113.0,360.0,1.0,Urban,N,4939.0,0.02287912532901397,8.505120610181969,4.736198448394496,30.0
LP001964,Male,Yes,0,Not Graduate,No,1800,2934.0,93.0,360.0,0.0,Urban,N,4734.0,0.01964512040557668,8.462737005620179,4.543294782270004,30.0
LP001972,Male,Yes,0,Not Graduate,No,2875,1750.0,105.0,360.0,1.0,Semiurban,Y,4625.0,0.022702702702702703,8.439447842791385,4.663439094112067,30.0
LP001974,Female,No,0,Graduate,No,5000,0.0,132.0,360.0,1.0,Rural,Y,5000.0,0.0264,8.517393171418904,4.890349128221754,30.0
LP001977,Male,Yes,1,Graduate,No,1625,1803.0,96.0,360.0,1.0,Urban,Y,3428.0,0.028004667444574097,8.14002395246292,4.574710978503383,30.0
LP001978,Male,No,0,Graduate,No,4000,2500.0,140.0,360.0,1.0,Rural,Y,6500.0,0.021538461538461538,8.77971129020447,4.948759890378168,30.0
LP001990,Male,No,0,Not Graduate,No,2000,0.0,128.0,360.0,1.0,Urban,N,2000.0,0.064,7.601402334583733,4.859812404361672,30.0
LP001993,Female,No,0,Graduate,No,3762,1666.0,135.0,360.0,1.0,Rural,Y,5428.0,0.024871039056742816,8.599510233905452,4.912654885736052,30.0
LP001994,Female,No,0,Graduate,No,2400,1863.0,104.0,360.0,0.0,Urban,N,4263.0,0.02439596528266479,8.357962965845681,4.653960350157523,30.0
LP001996,Male,No,0,Graduate,No,20233,0.0,480.0,360.0,1.0,Rural,N,20233.0,0.02372361982899224,9.915119636765835,6.175867270105761,30.0
LP001998,Male,Yes,2,Not Graduate,No,7667,0.0,185.0,360.0,-1.0,Rural,Y,7667.0,0.024129385678883526,8.944811104165534,5.225746673713202,30.0
LP002002,Female,No,0,Graduate,No,2917,0.0,84.0,360.0,1.0,Semiurban,Y,2917.0,0.028796708947548853,7.978653729082731,4.442651256490317,30.0
LP002004,Male,No,0,Not Graduate,No,2927,2405.0,111.0,360.0,1.0,Semiurban,Y,5332.0,0.020817704426106528,8.581669210600602,4.718498871295094,30.0
LP002006,Female,No,0,Graduate,No,2507,0.0,56.0,360.0,1.0,Rural,Y,2507.0,0.022337455125648185,7.827240901752812,4.04305126783455,30.0
LP002008,Male,Yes,2,Graduate,Yes,5746,0.0,144.0,84.0,-1.0,Rural,Y,5746.0,0.025060911938739994,8.656433258507741,4.976733742420574,7.0
LP002024,Male,Yes,0,Graduate,No,2473,1843.0,159.0,360.0,1.0,Rural,N,4316.0,0.036839666357738644,8.370315995555478,5.075173815233827,30.0
LP002031,Male,Yes,1,Not Graduate,No,3399,1640.0,111.0,180.0,1.0,Urban,Y,5039.0,0.022028180194483032,8.525161361065415,4.718498871295094,15.0
LP002035,Male,Yes,2,Graduate,No,3717,0.0,120.0,360.0,1.0,Semiurban,Y,3717.0,0.03228410008071025,8.220941168281389,4.795790545596741,30.0
LP002036,Male,Yes,0,Graduate,No,2058,2134.0,88.0,360.0,-1.0,Urban,Y,4192.0,0.02099236641221374,8.341171747170762,4.48863636973214,30.0
LP002043,Female,No,1,Graduate,No,3541,0.0,112.0,360.0,-1.0,Semiurban,Y,3541.0,0.031629483196837054,8.17244681834278,4.727387818712341,30.0
LP002050,Male,Yes,1,Graduate,Yes,10000,0.0,155.0,360.0,1.0,Rural,N,10000.0,0.0155,9.210440366976517,5.049856007249537,30.0
LP002051,Male,Yes,0,Graduate,No,2400,2167.0,115.0,360.0,1.0,Semiurban,Y,4567.0,0.025180643748631486,8.426830751335846,4.7535901911063645,30.0
LP002053,Male,Yes,3,Graduate,No,4342,189.0,124.0,360.0,1.0,Semiurban,Y,4531.0,0.027367027146325315,8.418918622147897,4.8283137373023015,30.0
LP002054,Male,Yes,2,Not Graduate,No,3601,1590.0,128.0,360.0,1.0,Rural,Y,5191.0,0.024658062030437296,8.554874258383926,4.859812404361672,30.0
LP002055,Female,No,0,Graduate,No,3166,2985.0,132.0,360.0,-1.0,Rural,Y,6151.0,0.021459925215412127,8.72453251118548,4.890349128221754,30.0
LP002065,Male,Yes,3,Graduate,No,15000,0.0,300.0,360.0,1.0,Rural,Y,15000.0,0.02,9.61587214452889,5.707110264748875,30.0
LP002067,Male,Yes,1,Graduate,Yes,8666,4983.0,376.0,360.0,0.0,Rural,N,13649.0,0.027547805700051286,9.521494800613105,5.932245187448011,30.0
LP002068,Male,No,0,Graduate,No,4917,0.0,130.0,360.0,0.0,Rural,Y,4917.0,0.026438885499288182,8.500657222776137,4.875197323201151,30.0
LP002082,Male,Yes,0,Graduate,Yes,5818,2160.0,184.0,360.0,1.0,Semiurban,Y,7978.0,0.023063424417147156,8.984568369308281,5.220355825078324,30.0
LP002086,Female,Yes,0,Graduate,No,4333,2451.0,110.0,360.0,1.0,Urban,N,6784.0,0.016214622641509434,8.82246957226897,4.709530201312334,30.0
LP002087,Female,No,0,Graduate,No,2500,0.0,67.0,360.0,1.0,Urban,Y,2500.0,0.0268,7.824445930877619,4.219507705176107,30.0
LP002097,Male,No,1,Graduate,No,4384,1793.0,117.0,360.0,1.0,Urban,Y,6177.0,0.01894123360854784,8.728749873478527,4.770684624465665,30.0
LP002098,Male,No,0,Graduate,No,2935,0.0,98.0,360.0,1.0,Semiurban,Y,2935.0,0.03339011925042589,7.984803389734406,4.59511985013459,30.0
LP002100,Male,No,0,Graduate,No,2833,0.0,71.0,360.0,1.0,Urban,Y,2833.0,0.025061771973173313,7.949444420250626,4.276666119016055,30.0
LP002101,Male,Yes,0,Graduate,No,63337,0.0,490.0,180.0,1.0,Urban,Y,63337.0,0.007736394208756335,11.056240743970491,6.19644412779452,15.0
LP002103,Male,Yes,1,Graduate,Yes,9833,1833.0,182.0,180.0,1.0,Urban,Y,11666.0,0.015600891479513115,9.364519622823858,5.209486152841421,15.0
LP002106,Male,Yes,0,Graduate,Yes,5503,4490.0,70.0,360.0,1.0,Semiurban,Y,9993.0,0.007004903432402682,9.20974019190415,4.2626798770413155,30.0
LP002110,Male,Yes,1,Graduate,No,5250,688.0,160.0,360.0,1.0,Rural,Y,5938.0,0.02694509936005389,8.68929604801586,5.081404364984463,30.0
LP002112,Male,Yes,2,Graduate,Yes,2500,4600.0,176.0,360.0,1.0,Rural,Y,7100.0,0.024788732394366197,8.867990898182093,5.176149732573829,30.0
LP002113,Female,No,3,Not Graduate,No,1830,0.0,128.0,360.0,0.0,Urban,N,1830.0,0.06994535519125683,7.5126175446745105,4.859812404361672,30.0
LP002114,Female,No,0,Graduate,No,4160,0.0,71.0,360.0,1.0,Semiurban,Y,4160.0,0.01706730769230769,8.333510708982942,4.276666119016055,30.0
LP002115,Male,Yes,3,Not Graduate,No,2647,1587.0,173.0,360.0,1.0,Rural,N,4234.0,0.040859707132735006,8.351138607086154,5.159055299214529,30.0
LP002116,Female,No,0,Graduate,No,2378,0.0,46.0,360.0,1.0,Rural,N,2378.0,0.01934398654331371,7.774435510302958,3.8501476017100584,30.0
LP002119,Male,Yes,1,Not Graduate,No,4554,1229.0,158.0,360.0,1.0,Urban,Y,5783.0,0.027321459450112398,8.6628507638386,5.0689042022202315,30.0
LP002126,Male,Yes,3,Not Graduate,No,3173,0.0,74.0,360.0,1.0,Semiurban,Y,3173.0,0.023321777497636306,8.062747901086354,4.31748811353631,30.0
LP002128,Male,Yes,2,Graduate,No,2583,2330.0,125.0,360.0,1.0,Rural,Y,4913.0,0.0254427030327702,8.499843553081124,4.836281906951478,30.0
LP002129,Male,Yes,0,Graduate,No,2499,2458.0,160.0,360.0,1.0,Semiurban,Y,4957.0,0.03227758725035303,8.508757712595136,5.081404364984463,30.0
LP002130,Male,Yes,0,Not Graduate,No,3523,3230.0,152.0,360.0,0.0,Rural,N,6753.0,0.02250851473419221,8.817890200945513,5.030437921392435,30.0
LP002131,Male,Yes,2,Not Graduate,No,3083,2168.0,126.0,360.0,1.0,Urban,Y,5251.0,0.023995429442011044,8.566364235422688,4.844187086458591,30.0
LP002137,Male,Yes,0,Graduate,No,6333,4583.0,259.0,360.0,-1.0,Semiurban,Y,10916.0,0.02372663979479663,9.29807648628027,5.560681631015528,30.0
LP002138,Male,Yes,0,Graduate,No,2625,6250.0,187.0,360.0,1.0,Rural,Y,8875.0,0.021070422535211266,9.091106284052485,5.236441962829949,30.0
LP002139,Male,Yes,0,Graduate,No,9083,0.0,228.0,360.0,1.0,Semiurban,Y,9083.0,0.025101838599581636,9.114269903225448,5.43372200355424,30.0
LP002140,Male,No,0,Graduate,No,8750,4167.0,308.0,360.0,1.0,Rural,N,12917.0,0.023844545947201364,9.466376966592419,5.733341276897746,30.0
LP002141,Male,Yes,3,Graduate,No,2666,2083.0,95.0,360.0,1.0,Rural,Y,4749.0,0.02000421141292904,8.465899897028686,4.564348191467836,30.0
LP002142,Female,Yes,0,Graduate,Yes,5500,0.0,105.0,360.0,0.0,Rural,N,5500.0,0.019090909090909092,8.612685172875459,4.663439094112067,30.0
LP002143,Female,Yes,0,Graduate,No,2423,505.0,130.0,360.0,1.0,Semiurban,Y,2928.0,0.04439890710382514,7.982416346827733,4.875197323201151,30.0
LP002144,Female,No,0,Graduate,No,3813,0.0,116.0,180.0,1.0,Urban,Y,3813.0,0.03042223970626803,8.246433786160365,4.762173934797756,15.0
LP002149,Male,Yes,2,Graduate,No,8333,3167.0,165.0,360.0,1.0,Rural,Y,11500.0,0.014347826086956521,9.350189267092581,5.111987788356544,30.0
LP002151,Male,Yes,1,Graduate,No,3875,0.0,67.0,360.0,1.0,Urban,N,3875.0,0.01729032258064516,8.262558973010657,4.219507705176107,30.0
LP002158,Male,Yes,0,Not Graduate,No,3000,1666.0,100.0,480.0,0.0,Urban,N,4666.0,0.021431633090441493,8.448271745949816,4.61512051684126,40.0
LP002160,Male,Yes,3,Graduate,No,5167,3167.0,200.0,360.0,1.0,Semiurban,Y,8334.0,0.023998080153587713,9.028218795184895,5.303304908059076,30.0
LP002161,Female,No,1,Graduate,No,4723,0.0,81.0,360.0,1.0,Semiurban,N,4723.0,0.017150116451408005,8.460411177317253,4.406719247264253,30.0
LP002170,Male,Yes,2,Graduate,No,5000,3667.0,236.0,360.0,1.0,Semiurban,Y,8667.0,0.027229721933771777,9.067393362656249,5.4680601411351315,30.0
LP002175,Male,Yes,0,Graduate,No,4750,2333.0,130.0,360.0,1.0,Urban,Y,7083.0,0.01835380488493576,8.865593998902725,4.875197323201151,30.0
LP002178,Male,Yes,0,Graduate,No,3013,3033.0,95.0,300.0,-1.0,Urban,Y,6046.0,0.0157128680119087,8.707317560273212,4.564348191467836,25.0
LP002180,Male,No,0,Graduate,Yes,6822,0.0,141.0,360.0,1.0,Rural,Y,6822.0,0.020668425681618294,8.828054536815424,4.955827057601261,30.0
LP002181,Male,No,0,Not Graduate,No,6216,0.0,133.0,360.0,1.0,Rural,N,6216.0,0.021396396396396396,8.735042754269337,4.897839799950911,30.0
LP002187,Male,No,0,Graduate,No,2500,0.0,96.0,480.0,1.0,Semiurban,N,2500.0,0.0384,7.824445930877619,4.574710978503383,40.0
LP002188,Male,No,0,Graduate,No,5124,0.0,124.0,360.0,0.0,Rural,N,5124.0,0.02419984387197502,8.54188580400661,4.8283137373023015,30.0
LP002190,Male,Yes,1,Graduate,No,6325,0.0,175.0,360.0,1.0,Semiurban,Y,6325.0,0.02766798418972332,8.752423403865594,5.170483995038151,30.0
LP002191,Male,Yes,0,Graduate,No,19730,5266.0,570.0,360.0,1.0,Rural,N,24996.0,0.022803648583773404,10.126511096649761,6.3473892096560105,30.0
LP002194,Female,No,0,Graduate,Yes,15759,0.0,55.0,360.0,1.0,Semiurban,Y,15759.0,0.0034900691668253063,9.66523036341187,4.02535169073515,30.0
LP002197,Male,Yes,2,Graduate,No,5185,0.0,155.0,360.0,1.0,Semiurban,Y,5185.0,0.029893924783027964,8.55371796609861,5.049856007249537,30.0
LP002201,Male,Yes,2,Graduate,Yes,9323,7873.0,380.0,300.0,1.0,Rural,Y,17196.0,0.02209816236334031,9.752490228984199,5.942799375126701,25.0
LP002205,Male,No,1,Graduate,No,3062,1987.0,111.0,180.0,0.0,Urban,N,5049.0,0.021984551396316103,8.527143522269405,4.718498871295094,15.0
LP002209,Female,No,0,Graduate,No,2764,1459.0,110.0,360.0,1.0,Urban,Y,4223.0,0.02604783329386692,8.348537825386098,4.709530201312334,30.0
LP002211,Male,Yes,0,Graduate,No,4817,923.0,120.0,180.0,1.0,Urban,Y,5740.0,0.020905923344947737,8.655388690167637,4.795790545596741,15.0
LP002219,Male,Yes,3,Graduate,No,8750,4996.0,130.0,360.0,1.0,Rural,Y,13746.0,0.009457296668121635,9.52857589747142,4.875197323201151,30.0
LP002223,Male,Yes,0,Graduate,No,4310,0.0,130.0,360.0,-1.0,Semiurban,Y,4310.0,0.030162412993039442,8.368925174747135,4.875197323201151,30.0
LP002224,Male,No,0,Graduate,No,3069,0.0,71.0,480.0,1.0,Urban,N,3069.0,0.023134571521668295,8.029432840581244,4.276666119016055,40.0
LP002225,Male,Yes,2,Graduate,No,5391,0.0,130.0,360.0,1.0,Urban,Y,5391.0,0.024114264514932295,8.592671652592143,4.875197323201151,30.0
LP002226,Male,Yes,0,Graduate,No,3333,2500.0,128.0,360.0,1.0,Semiurban,Y,5833.0,0.021944111092062405,8.671458150427666,4.859812404361672,30.0
LP002229,Male,No,0,Graduate,No,5941,4232.0,296.0,360.0,1.0,Semiurban,Y,10173.0,0.029096628329892852,9.22759072538271,5.6937321388027,30.0
LP002231,Female,No,0,Graduate,No,6000,0.0,156.0,360.0,1.0,Urban,Y,6000.0,0.026,8.699681400989514,5.056245805348308,30.0
LP002234,Male,No,0,Graduate,Yes,7167,0.0,128.0,360.0,1.0,Urban,Y,7167.0,0.017859634435607646,8.877381954654766,4.859812404361672,30.0
LP002236,Male,Yes,2,Graduate,No,4566,0.0,100.0,360.0,1.0,Urban,N,4566.0,0.021901007446342532,8.426611813185,4.61512051684126,30.0
LP002237,Male,No,1,Graduate,No,3667,0.0,113.0,180.0,1.0,Urban,Y,3667.0,0.030815380419961822,8.207401833376355,4.736198448394496,15.0
LP002239,Male,No,0,Not Graduate,No,2346,1600.0,132.0,360.0,1.0,Semiurban,Y,3946.0,0.03345159655347187,8.280711075662847,4.890349128221754,30.0
LP002243,Male,Yes,0,Not Graduate,No,3010,3136.0,128.0,360.0,0.0,Urban,N,6146.0,0.02082655385616661,8.72371943690701,4.859812404361672,30.0
LP002244,Male,Yes,0,Graduate,No,2333,2417.0,136.0,360.0,1.0,Urban,Y,4750.0,0.02863157894736842,8.46611040118692,4.919980925828125,30.0
LP002250,Male,Yes,0,Graduate,No,5488,0.0,125.0,360.0,1.0,Rural,Y,5488.0,0.022776967930029153,8.610501368549889,4.836281906951478,30.0
LP002255,Male,No,3,Graduate,No,9167,0.0,185.0,360.0,1.0,Rural,Y,9167.0,0.020181084324206393,9.12347443895452,5.225746673713202,30.0
LP002262,Male,Yes,3,Graduate,No,9504,0.0,275.0,360.0,1.0,Rural,Y,9504.0,0.028935185185185185,9.15957325492253,5.62040086571715,30.0
LP002263,Male,Yes,0,Graduate,No,2583,2115.0,120.0,360.0,-1.0,Urban,Y,4698.0,0.02554278416347382,8.455104999102815,4.795790545596741,30.0
LP002265,Male,Yes,2,Not Graduate,No,1993,1625.0,113.0,180.0,1.0,Semiurban,Y,3618.0,0.03123272526257601,8.193953023563742,4.736198448394496,15.0
LP002266,Male,Yes,2,Graduate,No,3100,1400.0,113.0,360.0,1.0,Urban,Y,4500.0,0.025111111111111112,8.412054873292933,4.736198448394496,30.0
LP002272,Male,Yes,2,Graduate,No,3276,484.0,135.0,360.0,-1.0,Semiurban,Y,3760.0,0.03590425531914894,8.232440158470336,4.912654885736052,30.0
LP002277,Female,No,0,Graduate,No,3180,0.0,71.0,360.0,0.0,Urban,N,3180.0,0.02232704402515723,8.064950891749143,4.276666119016055,30.0
LP002281,Male,Yes,0,Graduate,No,3033,1459.0,95.0,360.0,1.0,Urban,Y,4492.0,0.021148708815672306,8.41027590907016,4.564348191467836,30.0
LP002284,Male,No,0,Not Graduate,No,3902,1666.0,109.0,360.0,1.0,Rural,Y,5568.0,0.019576149425287355,8.624970783589669,4.700480365792417,30.0
LP002287,Female,No,0,Graduate,No,1500,1800.0,103.0,360.0,0.0,Semiurban,N,3300.0,0.031212121212121212,8.101980731853192,4.6443908991413725,30.0
LP002288,Male,Yes,2,Not Graduate,No,2889,0.0,45.0,180.0,0.0,Urban,N,2889.0,0.01557632398753894,7.969011781106478,3.828641396489095,15.0
LP002296,Male,No,0,Not Graduate,No,2755,0.0,65.0,300.0,1.0,Rural,N,2755.0,0.023593466424682397,7.9215356321335495,4.189654742026425,25.0
LP002297,Male,No,0,Graduate,No,2500,20000.0,103.0,360.0,1.0,Semiurban,Y,22500.0,0.004577777777777778,10.021315031649332,4.6443908991413725,30.0
LP002300,Female,No,0,Not Graduate,No,1963,0.0,53.0,360.0,1.0,Semiurban,Y,1963.0,0.026999490575649515,7.582738488914411,3.9889840465642745,30.0
LP002301,Female,No,0,Graduate,Yes,7441,0.0,194.0,360.0,1.0,Rural,N,7441.0,0.026071764547775836,8.914894908906568,5.272999558563747,30.0
LP002305,Female,No,0,Graduate,No,4547,0.0,115.0,360.0,1.0,Semiurban,Y,4547.0,0.025291400923685946,8.422442854870427,4.7535901911063645,30.0
LP002308,Male,Yes,0,Not Graduate,No,2167,2400.0,115.0,360.0,1.0,Urban,Y,4567.0,0.025180643748631486,8.426830751335846,4.7535901911063645,30.0
LP002314,Female,No,0,Not Graduate,No,2213,0.0,66.0,360.0,1.0,Rural,Y,2213.0,0.0298237686398554,7.7025561132685825,4.204692619390966,30.0
LP002315,Male,Yes,1,Graduate,No,8300,0.0,152.0,300.0,0.0,Semiurban,N,8300.0,0.018313253012048194,9.024131268455035,5.030437921392435,25.0
LP002317,Male,Yes,3,Graduate,No,81000,0.0,360.0,360.0,0.0,Rural,N,81000.0,0.0044444444444444444,11.302216779257382,5.8888779583328805,30.0
LP002318,Female,No,1,Not Graduate,Yes,3867,0.0,62.0,360.0,1.0,Semiurban,N,3867.0,0.016033100594776313,8.260492856573185,4.143134726391533,30.0
LP002319,Male,Yes,0,Graduate,No,6256,0.0,160.0,360.0,-1.0,Urban,Y,6256.0,0.02557544757033248,8.741456115998364,5.081404364984463,30.0
LP002328,Male,Yes,0,Not Graduate,No,6096,0.0,218.0,360.0,0.0,Rural,N,6096.0,0.035761154855643046,8.715552125907816,5.389071729816501,30.0
LP002332,Male,Yes,0,Not Graduate,No,2253,2033.0,110.0,360.0,1.0,Rural,Y,4286.0,0.025664955669622024,8.363342466597977,4.709530201312334,30.0
LP002335,Female,Yes,0,Not Graduate,No,2149,3237.0,178.0,360.0,0.0,Semiurban,N,5386.0,0.03304864463423691,8.591743922680534,5.187385805840755,30.0
LP002337,Female,No,0,Graduate,No,2995,0.0,60.0,360.0,1.0,Urban,Y,2995.0,0.02003338898163606,8.005033344637111,4.110873864173311,30.0
LP002341,Female,No,1,Graduate,No,2600,0.0,160.0,360.0,1.0,Urban,N,2600.0,0.06153846153846154,7.8636512654486515,5.081404364984463,30.0
LP002342,Male,Yes,2,Graduate,Yes,1600,20000.0,239.0,360.0,1.0,Urban,N,21600.0,0.011064814814814816,9.980494888896912,5.480638923341991,30.0
LP002345,Male,Yes,0,Graduate,No,1025,2773.0,112.0,360.0,1.0,Rural,Y,3798.0,0.02948920484465508,8.242493153187626,4.727387818712341,30.0
LP002347,Male,Yes,0,Graduate,No,3246,1417.0,138.0,360.0,1.0,Semiurban,Y,4663.0,0.029594681535492173,8.447628728030327,4.9344739331306915,30.0
LP002348,Male,Yes,0,Graduate,No,5829,0.0,138.0,360.0,1.0,Rural,Y,5829.0,0.023674729799279464,8.670772279344538,4.9344739331306915,30.0
LP002357,Female,No,0,Not Graduate,No,2720,0.0,80.0,360.0,0.0,Urban,N,2720.0,0.029411764705882353,7.908754738783246,4.394449154672439,30.0
LP002361,Male,Yes,0,Graduate,No,1820,1719.0,100.0,360.0,1.0,Urban,Y,3539.0,0.028256569652444195,8.17188200612782,4.61512051684126,30.0
LP002362,Male,Yes,1,Graduate,No,7250,1667.0,110.0,360.0,0.0,Urban,N,8917.0,0.01233598743972188,9.095826985187422,4.709530201312334,30.0
LP002364,Male,Yes,0,Graduate,No,14880,0.0,96.0,360.0,1.0,Semiurban,Y,14880.0,0.0064516129032258064,9.60784051043005,4.574710978503383,30.0
LP002366,Male,Yes,0,Graduate,No,2666,4300.0,121.0,360.0,1.0,Rural,Y,6966.0,0.01737008326155613,8.848939995030118,4.804021044733257,30.0
LP002367,Female,No,1,Not Graduate,No,4606,0.0,81.0,360.0,1.0,Rural,N,4606.0,0.017585757707338254,8.435332164935916,4.406719247264253,30.0
LP002368,Male,Yes,2,Graduate,No,5935,0.0,133.0,360.0,1.0,Semiurban,Y,5935.0,0.02240943555181129,8.688790784847216,4.897839799950911,30.0
LP002369,Male,Yes,0,Graduate,No,2920,16.12000084,87.0,360.0,1.0,Rural,Y,2936.12000084,0.029630941506174818,7.9851847886683345,4.477336814478207,30.0
LP002370,Male,No,0,Not Graduate,No,2717,0.0,60.0,180.0,1.0,Urban,Y,2717.0,0.02208317997791682,7.907651594711089,4.110873864173311,15.0
LP002377,Female,No,1,Graduate,Yes,8624,0.0,150.0,360.0,1.0,Semiurban,Y,8624.0,0.017393320964749538,9.062420241899561,5.017279836814924,30.0
LP002379,Male,No,0,Graduate,No,6500,0.0,105.0,360.0,0.0,Rural,N,6500.0,0.016153846153846154,8.77971129020447,4.663439094112067,30.0
LP002386,Male,No,0,Graduate,No,12876,0.0,405.0,360.0,1.0,Semiurban,Y,12876.0,0.03145386766076421,9.463198053273784,6.0063531596017325,30.0
LP002387,Male,Yes,0,Graduate,No,2425,2340.0,143.0,360.0,1.0,Semiurban,Y,4765.0,0.030010493179433367,8.469262657658687,4.969813299576001,30.0
LP002390,Male,No,0,Graduate,No,3750,0.0,100.0,360.0,1.0,Urban,Y,3750.0,0.02666666666666667,8.229777750081887,4.61512051684126,30.0
LP002393,Female,Yes,0,Graduate,No,10047,0.0,128.0,240.0,1.0,Semiurban,Y,10047.0,0.012740121429282374,9.21512888870798,4.859812404361672,20.0
LP002398,Male,No,0,Graduate,No,1926,1851.0,50.0,360.0,1.0,Semiurban,Y,3777.0,0.013238019592268996,8.236950048061455,3.9318256327243257,30.0
LP002401,Male,Yes,0,Graduate,No,2213,1125.0,128.0,360.0,1.0,Urban,Y,3338.0,0.03834631515877771,8.113426639943654,4.859812404361672,30.0
LP002403,Male,No,0,Graduate,Yes,10416,0.0,187.0,360.0,0.0,Urban,N,10416.0,0.0179531490015361,9.251194365984448,5.236441962829949,30.0
LP002407,Female,Yes,0,Not Graduate,Yes,7142,0.0,138.0,360.0,1.0,Rural,Y,7142.0,0.019322318678241388,8.873888135154973,4.9344739331306915,30.0
LP002408,Male,No,0,Graduate,No,3660,5064.0,187.0,360.0,1.0,Semiurban,Y,8724.0,0.021435121503897293,9.073947747070628,5.236441962829949,30.0
LP002409,Male,Yes,0,Graduate,No,7901,1833.0,180.0,360.0,1.0,Rural,Y,9734.0,0.018491884117526197,9.1834829178063,5.198497031265826,30.0
LP002418,Male,No,3,Not Graduate,No,4707,1993.0,148.0,360.0,1.0,Semiurban,Y,6700.0,0.02208955223880597,8.81001204797317,5.003946305945459,30.0
LP002422,Male,No,1,Graduate,No,37719,0.0,152.0,360.0,1.0,Semiurban,Y,37719.0,0.004029799305389856,10.537945736747394,5.030437921392435,30.0
LP002424,Male,Yes,0,Graduate,No,7333,8333.0,175.0,300.0,-1.0,Rural,Y,15666.0,0.011170688114387846,9.659311868393488,5.170483995038151,25.0
LP002429,Male,Yes,1,Graduate,Yes,3466,1210.0,130.0,360.0,1.0,Rural,Y,4676.0,0.027801539777587682,8.450412157725886,4.875197323201151,30.0
LP002434,Male,Yes,2,Not Graduate,No,4652,0.0,110.0,360.0,1.0,Rural,Y,4652.0,0.023645743766122097,8.445267451844648,4.709530201312334,30.0
LP002435,Male,Yes,0,Graduate,No,3539,1376.0,55.0,360.0,1.0,Rural,N,4915.0,0.011190233977619531,8.500250470685925,4.02535169073515,30.0
LP002443,Male,Yes,2,Graduate,No,3340,1710.0,150.0,360.0,0.0,Rural,N,5050.0,0.0297029702970297,8.527341522468053,5.017279836814924,30.0
LP002444,Male,No,1,Not Graduate,Yes,2769,1542.0,190.0,360.0,-1.0,Semiurban,N,4311.0,0.04407330085826954,8.369157112588834,5.25227342804663,30.0
LP002446,Male,Yes,2,Not Graduate,No,2309,1255.0,125.0,360.0,0.0,Rural,N,3564.0,0.035072951739618406,8.178919332848396,4.836281906951478,30.0
LP002447,Male,Yes,2,Not Graduate,No,1958,1456.0,60.0,300.0,-1.0,Urban,Y,3414.0,0.01757469244288225,8.13593277200489,4.110873864173311,25.0
LP002448,Male,Yes,0,Graduate,No,3948,1733.0,149.0,360.0,0.0,Rural,N,5681.0,0.02622777679985918,8.645058562414134,5.0106352940962555,30.0
LP002449,Male,Yes,0,Graduate,No,2483,2466.0,90.0,180.0,0.0,Rural,Y,4949.0,0.018185492018589614,8.507142855562735,4.51085950651685,15.0
LP002453,Male,No,0,Graduate,Yes,7085,0.0,84.0,360.0,1.0,Semiurban,Y,7085.0,0.011856033874382499,8.865876285425417,4.442651256490317,30.0
LP002455,Male,Yes,2,Graduate,No,3859,0.0,96.0,360.0,1.0,Semiurban,Y,3859.0,0.024876911116869654,8.258422462458876,4.574710978503383,30.0
LP002459,Male,Yes,0,Graduate,No,4301,0.0,118.0,360.0,1.0,Urban,Y,4301.0,0.027435480120902116,8.366835309827675,4.77912349311153,30.0
LP002467,Male,Yes,0,Graduate,No,3708,2569.0,173.0,360.0,1.0,Urban,N,6277.0,0.027560936753226063,8.744806737401898,5.159055299214529,30.0
LP002472,Male,No,2,Graduate,No,4354,0.0,136.0,360.0,1.0,Rural,Y,4354.0,0.03123564538355535,8.379079889286603,4.919980925828125,30.0
LP002473,Male,Yes,0,Graduate,No,8334,0.0,160.0,360.0,1.0,Semiurban,N,8334.0,0.01919846412287017,9.028218795184895,5.081404364984463,30.0
LP002478,Male,Yes,0,Graduate,Yes,2083,4083.0,160.0,360.0,-1.0,Semiurban,Y,6166.0,0.025948751216347713,8.726967774991493,5.081404364984463,30.0
LP002484,Male,Yes,3,Graduate,No,7740,0.0,128.0,180.0,1.0,Urban,Y,7740.0,0.016537467700258397,8.954286157204713,4.859812404361672,15.0
LP002487,Male,Yes,0,Graduate,No,3015,2188.0,153.0,360.0,1.0,Rural,Y,5203.0,0.02940611185854315,8.557182839632397,5.0369526024136295,30.0
LP002489,Female,No,1,Not Graduate,No,5191,0.0,132.0,360.0,1.0,Semiurban,Y,5191.0,0.025428626468888462,8.554874258383926,4.890349128221754,30.0
LP002493,Male,No,0,Graduate,No,4166,0.0,98.0,360.0,0.0,Semiurban,N,4166.0,0.023523763802208355,8.334951631422454,4.59511985013459,30.0
LP002494,Male,No,0,Graduate,No,6000,0.0,140.0,360.0,1.0,Rural,Y,6000.0,0.023333333333333334,8.699681400989514,4.948759890378168,30.0
LP002500,Male,Yes,3,Not Graduate,No,2947,1664.0,70.0,180.0,0.0,Urban,N,4611.0,0.015181088700932552,8.436416881388949,4.2626798770413155,15.0
LP002501,Male,Yes,0,Graduate,No,16692,0.0,110.0,360.0,1.0,Semiurban,Y,16692.0,0.006589983225497244,9.722744748855389,4.709530201312334,30.0
LP002502,Female,Yes,2,Not Graduate,No,210,2917.0,98.0,360.0,1.0,Semiurban,Y,3127.0,0.03133994243684042,8.048149101665201,4.59511985013459,30.0
LP002505,Male,Yes,0,Graduate,No,4333,2451.0,110.0,360.0,1.0,Urban,N,6784.0,0.016214622641509434,8.82246957226897,4.709530201312334,30.0
LP002515,Male,Yes,1,Graduate,Yes,3450,2079.0,162.0,360.0,1.0,Semiurban,Y,5529.0,0.02930005425935974,8.61794309451638,5.093750200806762,30.0
LP002517,Male,Yes,1,Not Graduate,No,2653,1500.0,113.0,180.0,0.0,Rural,N,4153.0,0.027209246327955693,8.331827004436057,4.736198448394496,15.0
LP002519,Male,Yes,3,Graduate,No,4691,0.0,100.0,360.0,1.0,Semiurban,Y,4691.0,0.021317416329140908,8.453614209773367,4.61512051684126,30.0
LP002522,Female,No,0,Graduate,Yes,2500,0.0,93.0,360.0,-1.0,Urban,Y,2500.0,0.0372,7.824445930877619,4.543294782270004,30.0
LP002524,Male,No,2,Graduate,No,5532,4648.0,162.0,360.0,1.0,Rural,Y,10180.0,0.015913555992141455,9.228278517107196,5.093750200806762,30.0
LP002527,Male,Yes,2,Graduate,Yes,16525,1014.0,150.0,360.0,1.0,Rural,Y,17539.0,0.008552369006214722,9.772239265926174,5.017279836814924,30.0
LP002529,Male,Yes,2,Graduate,No,6700,1750.0,230.0,300.0,1.0,Semiurban,Y,8450.0,0.027218934911242602,9.042040056544483,5.442417710521793,25.0
LP002530,Male,Yes,2,Graduate,No,2873,1872.0,132.0,360.0,0.0,Semiurban,N,4745.0,0.027818756585879872,8.465057436995709,4.890349128221754,30.0
LP002531,Male,Yes,1,Graduate,Yes,16667,2250.0,86.0,360.0,1.0,Semiurban,Y,18917.0,0.004546175397790347,9.847869128773116,4.465908118654584,30.0
LP002533,Male,Yes,2,Graduate,No,2947,1603.0,128.0,360.0,1.0,Urban,N,4550.0,0.028131868131868132,8.423102268016642,4.859812404361672,30.0
LP002534,Female,No,0,Not Graduate,No,4350,0.0,154.0,360.0,1.0,Rural,Y,4350.0,0.035402298850574714,8.37816098272068,5.043425116919247,30.0
LP002536,Male,Yes,3,Not Graduate,No,3095,0.0,113.0,360.0,1.0,Rural,Y,3095.0,0.03651050080775444,8.037866234709618,4.736198448394496,30.0
LP002537,Male,Yes,0,Graduate,No,2083,3150.0,128.0,360.0,1.0,Semiurban,Y,5233.0,0.024460156697878845,8.562931083090092,4.859812404361672,30.0
LP002541,Male,Yes,0,Graduate,No,10833,0.0,234.0,360.0,1.0,Semiurban,Y,10833.0,0.02160066463583495,9.290444616217844,5.459585514144159,30.0
LP002543,Male,Yes,2,Graduate,No,8333,0.0,246.0,360.0,1.0,Semiurban,Y,8333.0,0.029521180847233888,9.0280988119824,5.5093883366279774,30.0
LP002544,Male,Yes,1,Not Graduate,No,1958,2436.0,131.0,360.0,1.0,Rural,Y,4394.0,0.029813381884387802,8.388222810119277,4.882801922586371,30.0
LP002545,Male,No,2,Graduate,No,3547,0.0,80.0,360.0,0.0,Rural,N,3547.0,0.02255427121511136,8.17413934342947,4.394449154672439,30.0
LP002547,Male,Yes,1,Graduate,No,18333,0.0,500.0,360.0,1.0,Urban,N,18333.0,0.02727322314951181,9.816512538521721,6.2166061010848646,30.0
LP002555,Male,Yes,2,Graduate,Yes,4583,2083.0,160.0,360.0,1.0,Semiurban,Y,6666.0,0.024002400240024,8.80492526261806,5.081404364984463,30.0
LP002556,Male,No,0,Graduate,No,2435,0.0,75.0,360.0,1.0,Urban,N,2435.0,0.030800821355236138,7.798112628829788,4.330733340286331,30.0
LP002560,Male,No,0,Not Graduate,No,2699,2785.0,96.0,360.0,-1.0,Semiurban,Y,5484.0,0.0175054704595186,8.609772372709331,4.574710978503383,30.0
LP002562,Male,Yes,1,Not Graduate,No,5333,1131.0,186.0,360.0,-1.0,Urban,Y,6464.0,0.028774752475247526,8.774158291205957,5.231108616854587,30.0
LP002571,Male,No,0,Not Graduate,No,3691,0.0,110.0,360.0,1.0,Rural,Y,3691.0,0.029802221620157138,8.213923595622743,4.709530201312334,30.0
LP002582,Female,No,0,Not Graduate,Yes,17263,0.0,225.0,360.0,1.0,Semiurban,Y,17263.0,0.013033655795632277,9.756378687497916,5.420534999272286,30.0
LP002585,Male,Yes,0,Graduate,No,3597,2157.0,119.0,360.0,0.0,Rural,N,5754.0,0.02068126520681265,8.657824321155983,4.787491742782046,30.0
LP002586,Female,Yes,1,Graduate,No,3326,913.0,105.0,84.0,1.0,Semiurban,Y,4239.0,0.024769992922859165,8.352318548226004,4.663439094112067,7.0
LP002587,Male,Yes,0,Not Graduate,No,2600,1700.0,107.0,360.0,1.0,Rural,Y,4300.0,0.02488372093023256,8.366602832783736,4.68213122712422,30.0
LP002588,Male,Yes,0,Graduate,No,4625,2857.0,111.0,12.0,-1.0,Urban,Y,7482.0,0.01483560545308741,8.920389060080359,4.718498871295094,1.0
LP002600,Male,Yes,1,Graduate,Yes,2895,0.0,95.0,360.0,1.0,Semiurban,Y,2895.0,0.03281519861830743,7.971085753505607,4.564348191467836,30.0
LP002602,Male,No,0,Graduate,No,6283,4416.0,209.0,360.0,0.0,Rural,N,10699.0,0.019534535937938125,9.277999020449997,5.3471075307174685,30.0
LP002603,Female,No,0,Graduate,No,645,3683.0,113.0,480.0,1.0,Rural,Y,4328.0,0.0261090573012939,8.37309184744198,4.736198448394496,40.0
LP002606,Female,No,0,Graduate,No,3159,0.0,100.0,360.0,1.0,Semiurban,Y,3159.0,0.03165558721114277,8.058327306580958,4.61512051684126,30.0
LP002615,Male,Yes,2,Graduate,No,4865,5624.0,208.0,360.0,1.0,Semiurban,Y,10489.0,0.01983029840785585,9.258177701390343,5.342334251964811,30.0
LP002618,Male,Yes,1,Not Graduate,No,4050,5302.0,138.0,360.0,-1.0,Rural,N,9352.0,0.014756201881950384,9.143452426434552,4.9344739331306915,30.0
LP002619,Male,Yes,0,Not Graduate,No,3814,1483.0,124.0,300.0,1.0,Semiurban,Y,5297.0,0.0234094770624882,8.575084669832014,4.8283137373023015,25.0
LP002622,Male,Yes,2,Graduate,No,3510,4416.0,243.0,360.0,1.0,Rural,Y,7926.0,0.030658591975775928,8.978029932837156,5.497168225293202,30.0
LP002624,Male,Yes,0,Graduate,No,20833,6667.0,480.0,360.0,-1.0,Urban,Y,27500.0,0.017454545454545455,10.221977646629885,6.175867270105761,30.0
LP002625,Male,No,0,Graduate,No,3583,0.0,96.0,360.0,1.0,Urban,N,3583.0,0.026793190064192018,8.18423477409482,4.574710978503383,30.0
LP002626,Male,Yes,0,Graduate,Yes,2479,3013.0,188.0,360.0,1.0,Urban,Y,5492.0,0.03423160961398398,8.61122983334262,5.241747015059643,30.0
LP002634,Female,No,1,Graduate,No,13262,0.0,40.0,360.0,1.0,Urban,Y,13262.0,0.003016136329362087,9.492733482494353,3.713572066704308,30.0
LP002637,Male,No,0,Not Graduate,No,3598,1287.0,100.0,360.0,1.0,Rural,N,4885.0,0.02047082906857728,8.494129251817686,4.61512051684126,30.0
LP002640,Male,Yes,1,Graduate,No,6065,2004.0,250.0,360.0,1.0,Semiurban,Y,8069.0,0.030982773577890692,8.995908761263994,5.5254529391317835,30.0
LP002643,Male,Yes,2,Graduate,No,3283,2035.0,148.0,360.0,1.0,Urban,Y,5318.0,0.027830011282437006,8.579040594742317,5.003946305945459,30.0
LP002648,Male,Yes,0,Graduate,No,2130,6666.0,70.0,180.0,1.0,Semiurban,N,8796.0,0.007958162801273306,9.082166033252674,4.2626798770413155,15.0
LP002652,Male,No,0,Graduate,No,5815,3666.0,311.0,360.0,1.0,Rural,N,9481.0,0.03280244699926168,9.157150543462064,5.7430031878094825,30.0
LP002659,Male,Yes,3,Graduate,No,3466,3428.0,150.0,360.0,1.0,Rural,Y,6894.0,0.02175805047867711,8.838551790227402,5.017279836814924,30.0
LP002670,Female,Yes,2,Graduate,No,2031,1632.0,113.0,480.0,1.0,Semiurban,Y,3663.0,0.03084903084903085,8.20631072579402,4.736198448394496,40.0
LP002682,Male,Yes,0,Not Graduate,No,3074,1800.0,123.0,360.0,0.0,Semiurban,N,4874.0,0.025235945835043086,8.491875383431948,4.820281565605037,30.0
LP002683,Male,No,0,Graduate,No,4683,1915.0,185.0,360.0,1.0,Semiurban,N,6598.0,0.02803879963625341,8.794673401383422,5.225746673713202,30.0
LP002684,Female,No,0,Not Graduate,No,3400,0.0,95.0,360.0,1.0,Rural,N,3400.0,0.027941176470588237,8.131824785007195,4.564348191467836,30.0
LP002689,Male,Yes,2,Not Graduate,No,2192,1742.0,45.0,360.0,1.0,Semiurban,Y,3934.0,0.011438739196746314,8.277666160851503,3.828641396489095,30.0
LP002690,Male,No,0,Graduate,No,2500,0.0,55.0,360.0,1.0,Semiurban,Y,2500.0,0.022,7.824445930877619,4.02535169073515,30.0
LP002692,Male,Yes,3,Graduate,Yes,5677,1424.0,100.0,360.0,1.0,Rural,Y,7101.0,0.01408252358822701,8.868131713503033,4.61512051684126,30.0
LP002693,Male,Yes,2,Graduate,Yes,7948,7166.0,480.0,360.0,1.0,Rural,Y,15114.0,0.031758634378721715,9.623442907213558,6.175867270105761,30.0
LP002697,Male,No,0,Graduate,No,4680,2087.0,128.0,360.0,1.0,Semiurban,N,6767.0,0.01891532436825772,8.81996090128606,4.859812404361672,30.0
LP002699,Male,Yes,2,Graduate,Yes,17500,0.0,400.0,360.0,1.0,Rural,Y,17500.0,0.022857142857142857,9.770013301136158,5.993961427306569,30.0
LP002705,Male,Yes,0,Graduate,No,3775,0.0,110.0,360.0,1.0,Semiurban,Y,3775.0,0.02913907284768212,8.236420527265391,4.709530201312334,30.0
LP002706,Male,Yes,1,Not Graduate,No,5285,1430.0,161.0,360.0,0.0,Semiurban,Y,6715.0,0.023976172747580043,8.812248018197431,5.087596335232384,30.0
LP002714,Male,No,1,Not Graduate,No,2679,1302.0,94.0,360.0,1.0,Semiurban,Y,3981.0,0.02361215774930922,8.289539484624141,4.553876891600541,30.0
LP002716,Male,No,0,Not Graduate,No,6783,0.0,130.0,360.0,1.0,Semiurban,Y,6783.0,0.019165560961226596,8.822322177471738,4.875197323201151,30.0
LP002717,Male,Yes,0,Graduate,No,1025,5500.0,216.0,360.0,-1.0,Rural,Y,6525.0,0.03310344827586207,8.783549477153265,5.37989735354046,30.0
LP002720,Male,Yes,3,Graduate,No,4281,0.0,100.0,360.0,1.0,Urban,Y,4281.0,0.023359028264424198,8.362175469149628,4.61512051684126,30.0
LP002723,Male,No,2,Graduate,No,3588,0.0,110.0,360.0,0.0,Rural,N,3588.0,0.030657748049052396,8.185628891147607,4.709530201312334,30.0
LP002729,Male,No,1,Graduate,No,11250,0.0,196.0,360.0,-1.0,Semiurban,N,11250.0,0.01742222222222222,9.328212292571072,5.2832037287379885,30.0
LP002731,Female,No,0,Not Graduate,Yes,18165,0.0,125.0,360.0,1.0,Urban,Y,18165.0,0.006881365262868153,9.80730699406216,4.836281906951478,30.0
LP002732,Male,No,0,Not Graduate,No,2550,2042.0,126.0,360.0,1.0,Rural,Y,4592.0,0.027439024390243903,8.432288684325794,4.844187086458591,30.0
LP002734,Male,Yes,0,Graduate,No,6133,3906.0,324.0,360.0,1.0,Urban,Y,10039.0,0.03227413088953083,9.214332393245721,5.783825182329737,30.0
LP002738,Male,No,2,Graduate,No,3617,0.0,107.0,360.0,1.0,Semiurban,Y,3617.0,0.029582526956040918,8.193676665955241,4.68213122712422,30.0
LP002739,Male,Yes,0,Not Graduate,No,2917,536.0,66.0,360.0,1.0,Rural,N,3453.0,0.019113814074717638,8.147288258706624,4.204692619390966,30.0
LP002740,Male,Yes,3,Graduate,No,6417,0.0,157.0,180.0,1.0,Rural,Y,6417.0,0.02446626149290946,8.766861821669803,5.062595033026967,15.0
LP002741,Female,Yes,1,Graduate,No,4608,2845.0,140.0,180.0,1.0,Semiurban,Y,7453.0,0.018784382128002146,8.916506080039204,4.948759890378168,15.0
LP002743,Female,No,0,Graduate,No,2138,0.0,99.0,360.0,0.0,Semiurban,N,2138.0,0.04630495790458372,7.668093709082406,4.605170185988092,30.0
LP002753,Female,No,1,Graduate,No,3652,0.0,95.0,360.0,1.0,Semiurban,Y,3652.0,0.026013143483023003,8.203304026795282,4.564348191467836,30.0
LP002755,Male,Yes,1,Not Graduate,No,2239,2524.0,128.0,360.0,1.0,Urban,Y,4763.0,0.026873819021625025,8.46884293047519,4.859812404361672,30.0
LP002757,Female,Yes,0,Not Graduate,No,3017,663.0,102.0,360.0,-1.0,Semiurban,Y,3680.0,0.027717391304347826,8.210939733379021,4.634728988229636,30.0
LP002767,Male,Yes,0,Graduate,No,2768,1950.0,155.0,360.0,1.0,Rural,Y,4718.0,0.03285290377278508,8.459352191726387,5.049856007249537,30.0
LP002768,Male,No,0,Not Graduate,No,3358,0.0,80.0,36.0,1.0,Semiurban,N,3358.0,0.023823704586063133,8.119398589612294,4.394449154672439,3.0
LP002772,Male,No,0,Graduate,No,2526,1783.0,145.0,360.0,1.0,Rural,Y,4309.0,0.03365049895567417,8.368693183097793,4.983606621708336,30.0
LP002776,Female,No,0,Graduate,No,5000,0.0,103.0,360.0,0.0,Semiurban,N,5000.0,0.0206,8.517393171418904,4.6443908991413725,30.0
LP002777,Male,Yes,0,Graduate,No,2785,2016.0,110.0,360.0,1.0,Rural,Y,4801.0,0.022911893355550928,8.4767877767812,4.709530201312334,30.0
LP002778,Male,Yes,2,Graduate,Yes,6633,0.0,128.0,360.0,0.0,Rural,N,6633.0,0.019297452133273028,8.799963219506997,4.859812404361672,30.0
LP002784,Male,Yes,1,Not Graduate,No,2492,2375.0,128.0,360.0,1.0,Rural,Y,4867.0,0.026299568522703924,8.490438454107418,4.859812404361672,30.0
LP002785,Male,Yes,1,Graduate,No,3333,3250.0,158.0,360.0,1.0,Urban,Y,6583.0,0.024001215251405136,8.792397742356906,5.0689042022202315,30.0
LP002788,Male,Yes,0,Not Graduate,No,2454,2333.0,181.0,360.0,0.0,Urban,N,4787.0,0.03781073741382912,8.473868066677865,5.204006687076795,30.0
LP002789,Male,Yes,0,Graduate,No,3593,4266.0,132.0,180.0,0.0,Rural,N,7859.0,0.01679603002926581,8.969541885423252,4.890349128221754,15.0
LP002792,Male,Yes,1,Graduate,No,5468,1032.0,26.0,360.0,1.0,Semiurban,Y,6500.0,0.004,8.77971129020447,3.295836866004329,30.0
LP002794,Female,No,0,Graduate,No,2667,1625.0,84.0,360.0,-1.0,Urban,Y,4292.0,0.0195712954333644,8.36474106822456,4.442651256490317,30.0
LP002795,Male,Yes,3,Graduate,Yes,10139,0.0,260.0,360.0,1.0,Semiurban,Y,10139.0,0.025643554591182564,9.224243277145174,5.564520407322694,30.0
LP002798,Male,Yes,0,Graduate,No,3887,2669.0,162.0,360.0,1.0,Semiurban,Y,6556.0,0.02471018913971934,8.788288460263619,5.093750200806762,30.0
LP002804,Female,Yes,0,Graduate,No,4180,2306.0,182.0,360.0,1.0,Semiurban,Y,6486.0,0.028060437866173297,8.777555453213056,5.209486152841421,30.0
LP002807,Male,Yes,2,Not Graduate,No,3675,242.0,108.0,360.0,1.0,Semiurban,Y,3917.0,0.027572121521572634,8.273336598504486,4.6913478822291435,30.0
LP002813,Female,Yes,1,Graduate,Yes,19484,0.0,600.0,360.0,1.0,Semiurban,Y,19484.0,0.03079449804968179,9.87740021777281,6.398594934535208,30.0
LP002820,Male,Yes,0,Graduate,No,5923,2054.0,211.0,360.0,1.0,Rural,Y,7977.0,0.02645104675943337,8.984443032465352,5.356586274672012,30.0
LP002821,Male,No,0,Not Graduate,Yes,5800,0.0,132.0,360.0,1.0,Semiurban,Y,5800.0,0.022758620689655173,8.665785595466064,4.890349128221754,30.0
LP002832,Male,Yes,2,Graduate,No,8799,0.0,258.0,360.0,0.0,Urban,N,8799.0,0.029321513808387316,9.082507000466299,5.556828061699537,30.0
LP002833,Male,Yes,0,Not Graduate,No,4467,0.0,120.0,360.0,-1.0,Rural,Y,4467.0,0.026863666890530557,8.404696160189092,4.795790545596741,30.0
LP002836,Male,No,0,Graduate,No,3333,0.0,70.0,360.0,1.0,Urban,Y,3333.0,0.021002100210021003,8.111928063310739,4.2626798770413155,30.0
LP002837,Male,Yes,3,Graduate,No,3400,2500.0,123.0,360.0,0.0,Rural,N,5900.0,0.020847457627118645,8.682877107057168,4.820281565605037,30.0
LP002840,Female,No,0,Graduate,No,2378,0.0,9.0,360.0,1.0,Urban,N,2378.0,0.0037846930193439865,7.774435510302958,2.302585092994046,30.0
LP002841,Male,Yes,0,Graduate,No,3166,2064.0,104.0,360.0,0.0,Urban,N,5230.0,0.01988527724665392,8.562357743370612,4.653960350157523,30.0
LP002842,Male,Yes,1,Graduate,No,3417,1750.0,186.0,360.0,1.0,Urban,Y,5167.0,0.035997677569189084,8.550241045462437,5.231108616854587,30.0
LP002847,Male,Yes,0,Graduate,No,5116,1451.0,165.0,360.0,0.0,Urban,N,6567.0,0.02512562814070352,8.789964651132264,5.111987788356544,30.0
LP002855,Male,Yes,2,Graduate,No,16666,0.0,275.0,360.0,1.0,Urban,Y,16666.0,0.016500660026401055,9.721185995542177,5.62040086571715,30.0
LP002862,Male,Yes,2,Not Graduate,No,6125,1625.0,187.0,480.0,1.0,Semiurban,N,7750.0,0.024129032258064516,8.955577146281511,5.236441962829949,40.0
LP002863,Male,Yes,3,Graduate,No,6406,0.0,150.0,360.0,1.0,Semiurban,N,6406.0,0.023415547923821417,8.765146421639022,5.017279836814924,30.0
LP002868,Male,Yes,2,Graduate,No,3159,461.0,108.0,84.0,1.0,Urban,Y,3620.0,0.02983425414364641,8.19450550976564,4.6913478822291435,7.0
LP002872,Male,Yes,0,Graduate,No,3087,2210.0,136.0,360.0,0.0,Semiurban,N,5297.0,0.02567491032659996,8.575084669832014,4.919980925828125,30.0
LP002874,Male,No,0,Graduate,No,3229,2739.0,110.0,360.0,1.0,Urban,Y,5968.0,0.018431635388739945,8.69433468816865,4.709530201312334,30.0
LP002877,Male,Yes,1,Graduate,No,1782,2232.0,107.0,360.0,1.0,Rural,Y,4014.0,0.02665670154459392,8.297792626380861,4.68213122712422,30.0
LP002888,Male,No,0,Graduate,No,3182,2917.0,161.0,360.0,1.0,Urban,Y,6099.0,0.026397770126250206,8.716044050161402,5.087596335232384,30.0
LP002892,Male,Yes,2,Graduate,No,6540,0.0,205.0,360.0,1.0,Semiurban,Y,6540.0,0.03134556574923547,8.785845337961213,5.327876168789581,30.0
LP002893,Male,No,0,Graduate,No,1836,33837.0,90.0,360.0,1.0,Urban,N,35673.0,0.0025229164914641325,10.482177411118249,4.51085950651685,30.0
LP002894,Female,Yes,0,Graduate,No,3166,0.0,36.0,360.0,1.0,Semiurban,Y,3166.0,0.011370814908401769,8.06054004653864,3.6109179126442243,30.0
LP002898,Male,Yes,1,Graduate,No,1880,0.0,61.0,360.0,-1.0,Rural,N,1880.0,0.032446808510638296,7.53955882930103,4.127134385045092,30.0
LP002911,Male,Yes,1,Graduate,No,2787,1917.0,146.0,360.0,0.0,Rural,N,4704.0,0.031037414965986394,8.45638105201948,4.990432586778736,30.0
LP002912,Male,Yes,1,Graduate,No,4283,3000.0,172.0,84.0,1.0,Rural,N,7283.0,0.02361664149388988,8.8934354408475,5.153291594497779,7.0
LP002916,Male,Yes,0,Graduate,No,2297,1522.0,104.0,360.0,1.0,Urban,Y,3819.0,0.027232259753862266,8.24800570160062,4.653960350157523,30.0
LP002917,Female,No,0,Not Graduate,No,2165,0.0,70.0,360.0,1.0,Semiurban,Y,2165.0,0.03233256351039261,7.680637427560936,4.2626798770413155,30.0
LP002925,Male,No,0,Graduate,No,4750,0.0,94.0,360.0,1.0,Semiurban,Y,4750.0,0.019789473684210527,8.46611040118692,4.553876891600541,30.0
LP002926,Male,Yes,2,Graduate,Yes,2726,0.0,106.0,360.0,0.0,Semiurban,N,2726.0,0.03888481291269259,7.910957382845589,4.672828834461906,30.0
LP002928,Male,Yes,0,Graduate,No,3000,3416.0,56.0,180.0,1.0,Semiurban,Y,6416.0,0.008728179551122194,8.766705997750515,4.04305126783455,15.0
LP002931,Male,Yes,2,Graduate,Yes,6000,0.0,205.0,240.0,1.0,Semiurban,N,6000.0,0.034166666666666665,8.699681400989514,5.327876168789581,20.0
LP002933,Male,No,3,Graduate,Yes,9357,0.0,292.0,360.0,1.0,Semiurban,Y,9357.0,0.031206583306615368,9.143986871426161,5.680172609017068,30.0
LP002936,Male,Yes,0,Graduate,No,3859,3300.0,142.0,180.0,1.0,Rural,Y,7159.0,0.019835172510127112,8.87626525995469,4.962844630259907,15.0
LP002938,Male,Yes,0,Graduate,Yes,16120,0.0,260.0,360.0,1.0,Urban,Y,16120.0,0.016129032258064516,9.687878048875998,5.564520407322694,30.0
LP002940,Male,No,0,Not Graduate,No,3833,0.0,110.0,360.0,1.0,Rural,Y,3833.0,0.02869814766501435,8.251663923605589,4.709530201312334,30.0
LP002941,Male,Yes,2,Not Graduate,Yes,6383,1000.0,187.0,360.0,1.0,Rural,N,7383.0,0.025328457266693756,8.907070776182689,5.236441962829949,30.0
LP002943,Male,No,0,Graduate,No,2987,0.0,88.0,360.0,0.0,Semiurban,N,2987.0,0.02946099765651155,8.002359546252707,4.48863636973214,30.0
LP002945,Male,Yes,0,Graduate,Yes,9963,0.0,180.0,360.0,1.0,Rural,Y,9963.0,0.018066847335140017,9.20673387638207,5.198497031265826,30.0
LP002948,Male,Yes,2,Graduate,No,5780,0.0,192.0,360.0,1.0,Urban,Y,5780.0,0.03321799307958478,8.662331957082475,5.262690188904886,30.0
LP002949,Female,No,3,Graduate,No,416,41667.0,350.0,180.0,-1.0,Urban,N,42083.0,0.00831689755958463,10.647422899928179,5.860786223465865,15.0
LP002950,Male,Yes,0,Not Graduate,No,2894,2792.0,155.0,360.0,1.0,Rural,Y,5686.0,0.027259936686598662,8.645938147306799,5.049856007249537,30.0
LP002953,Male,Yes,3,Graduate,No,5703,0.0,128.0,360.0,1.0,Urban,Y,5703.0,0.02244432754690514,8.648922962094131,4.859812404361672,30.0
LP002958,Male,No,0,Graduate,No,3676,4301.0,172.0,360.0,1.0,Rural,Y,7977.0,0.021561990723329573,8.984443032465352,5.153291594497779,30.0
LP002959,Female,Yes,1,Graduate,No,12000,0.0,496.0,360.0,1.0,Semiurban,Y,12000.0,0.04133333333333333,9.392745258631441,6.208590026096629,30.0
LP002960,Male,Yes,0,Not Graduate,No,2400,3800.0,128.0,180.0,1.0,Urban,N,6200.0,0.02064516129032258,8.732465848349879,4.859812404361672,15.0
LP002961,Male,Yes,1,Graduate,No,3400,2500.0,173.0,360.0,1.0,Semiurban,Y,5900.0,0.029322033898305084,8.682877107057168,5.159055299214529,30.0
LP002964,Male,Yes,2,Not Graduate,No,3987,1411.0,157.0,360.0,1.0,Rural,Y,5398.0,0.029084846239347907,8.593969030218288,5.062595033026967,30.0
LP002974,Male,Yes,0,Graduate,No,3232,1950.0,108.0,360.0,1.0,Rural,Y,5182.0,0.020841373986877652,8.553139318189707,4.6913478822291435,30.0
LP002978,Female,No,0,Graduate,No,2900,0.0,71.0,360.0,1.0,Rural,Y,2900.0,0.024482758620689656,7.972810784121404,4.276666119016055,30.0
LP002979,Male,Yes,3,Graduate,No,4106,0.0,40.0,180.0,1.0,Rural,Y,4106.0,0.00974184120798831,8.320448113956559,3.713572066704308,15.0
LP002983,Male,Yes,1,Graduate,No,8072,240.0,253.0,360.0,1.0,Urban,Y,8312.0,0.030437921077959576,9.025575833531088,5.537334267018537,30.0
LP002984,Male,Yes,2,Graduate,No,7583,0.0,187.0,360.0,1.0,Urban,Y,7583.0,0.024660424634049848,8.933796043934858,5.236441962829949,30.0
LP002990,Female,No,0,Graduate,Yes,4583,0.0,133.0,360.0,0.0,Semiurban,N,4583.0,0.02902029238490072,8.430327258394575,4.897839799950911,30.0
